Date,EFT-Gold,EFT-Silver
02-01-2009,13.37,
05-01-2009,13.1555,
06-01-2009,13.04,
07-01-2009,13.215,
09-01-2009,13.1689,
12-01-2009,13.09,
13-01-2009,12.9654,
14-01-2009,13.02,
15-01-2009,12.864,
16-01-2009,13.0,
19-01-2009,13.1,
20-01-2009,13.0723,
21-01-2009,13.45,
22-01-2009,13.36,
23-01-2009,13.5,
27-01-2009,13.692,
28-01-2009,13.5,
29-01-2009,13.4598,
30-01-2009,14.0,
02-02-2009,14.01,
03-02-2009,13.8715,
04-02-2009,13.824,
05-02-2009,13.94,
06-02-2009,13.9425,
09-02-2009,13.88,
10-02-2009,13.87,
11-02-2009,14.141,
12-02-2009,14.48,
13-02-2009,14.4015,
16-02-2009,14.5385,
17-02-2009,15.04,
18-02-2009,15.444,
19-02-2009,15.3703,
20-02-2009,15.4504,
24-02-2009,15.445,
25-02-2009,14.98,
26-02-2009,14.901,
27-02-2009,15.079,
02-03-2009,15.43,
03-03-2009,15.1,
04-03-2009,14.9144,
05-03-2009,14.9,
06-03-2009,15.266,
09-03-2009,15.2639,
12-03-2009,14.931,
13-03-2009,15.0,
16-03-2009,15.0212,
17-03-2009,14.94,
18-03-2009,14.89,
19-03-2009,14.9025,
20-03-2009,15.2997,
23-03-2009,15.32,
24-03-2009,15.149,
25-03-2009,14.89,
26-03-2009,15.07,
27-03-2009,15.07,
30-03-2009,15.1,
31-03-2009,14.9344,
01-04-2009,14.9,
02-04-2009,14.72,
06-04-2009,14.04,
08-04-2009,14.3699,
09-04-2009,14.187,
13-04-2009,14.2299,
15-04-2009,14.241,
16-04-2009,14.2101,
17-04-2009,13.911,
20-04-2009,14.01,
21-04-2009,14.2599,
22-04-2009,14.25,
23-04-2009,14.27,
24-04-2009,14.5999,
27-04-2009,14.639,
28-04-2009,14.51,
29-04-2009,14.3799,
04-05-2009,14.2479,
05-05-2009,14.2892,
06-05-2009,14.3389,
07-05-2009,14.43,
08-05-2009,14.4498,
11-05-2009,14.4,
12-05-2009,14.4493,
13-05-2009,14.64,
14-05-2009,14.63,
15-05-2009,14.6055,
18-05-2009,14.6296,
19-05-2009,14.08,
20-05-2009,14.06,
21-05-2009,14.23,
22-05-2009,14.34,
25-05-2009,14.38,
26-05-2009,14.38,
27-05-2009,14.415,
28-05-2009,14.52,
29-05-2009,14.67,
01-06-2009,14.8,
02-06-2009,14.6401,
03-06-2009,14.725,
04-06-2009,14.62,
05-06-2009,14.794,
08-06-2009,14.5889,
09-06-2009,14.4035,
10-06-2009,14.575,
11-06-2009,14.535,
12-06-2009,14.42,
15-06-2009,14.301,
16-06-2009,14.34,
17-06-2009,14.29339,
18-06-2009,14.41,
19-06-2009,14.37,
22-06-2009,14.3,
23-06-2009,14.31,
24-06-2009,14.39,
25-06-2009,14.49,
26-06-2009,14.561,
29-06-2009,14.4201,
30-06-2009,14.4255,
01-07-2009,14.32,
02-07-2009,14.365,
03-07-2009,14.3,
06-07-2009,14.4151,
07-07-2009,14.48,
08-07-2009,14.4765,
09-07-2009,14.3702,
10-07-2009,14.3174,
13-07-2009,14.468,
14-07-2009,14.5,
15-07-2009,14.54,
16-07-2009,14.7,
17-07-2009,14.715,
20-07-2009,14.7399,
21-07-2009,14.778,
22-07-2009,14.74,
23-07-2009,14.869,
24-07-2009,14.7731,
27-07-2009,14.831,
28-07-2009,14.799,
29-07-2009,14.565,
30-07-2009,14.511,
31-07-2009,14.5579,
03-08-2009,14.6874,
04-08-2009,14.6334,
05-08-2009,14.78,
06-08-2009,14.8,
07-08-2009,14.84,
10-08-2009,14.765,
11-08-2009,14.636,
12-08-2009,14.725,
13-08-2009,14.82,
14-08-2009,14.86,
17-08-2009,14.755,
18-08-2009,14.73613,
19-08-2009,14.6739,
20-08-2009,14.80447,
21-08-2009,14.78514,
24-08-2009,14.92,
25-08-2009,14.8899,
26-08-2009,14.94,
27-08-2009,14.88,
28-08-2009,14.95,
31-08-2009,15.05,
01-09-2009,14.992,
02-09-2009,15.1195,
03-09-2009,15.5655,
04-09-2009,15.56,
07-09-2009,15.67,
08-09-2009,15.725,
09-09-2009,15.5522,
10-09-2009,15.42,
11-09-2009,15.68,
14-09-2009,15.7,
15-09-2009,15.682,
16-09-2009,15.89,
17-09-2009,15.825,
18-09-2009,15.761,
22-09-2009,15.77,
23-09-2009,15.73,
24-09-2009,15.68,
25-09-2009,15.4748,
29-09-2009,15.3703,
30-09-2009,15.4685,
01-10-2009,15.5,
05-10-2009,15.405,
06-10-2009,15.5,
07-10-2009,15.7501,
08-10-2009,15.75,
09-10-2009,15.67,
12-10-2009,15.78,
13-10-2009,15.7479,
14-10-2009,15.82,
15-10-2009,15.61,
16-10-2009,15.6265,
20-10-2009,15.75,
21-10-2009,15.7279,
22-10-2009,15.79,
23-10-2009,15.79,
26-10-2009,15.7449,
27-10-2009,15.65,
28-10-2009,15.65,
29-10-2009,15.63,
30-10-2009,15.73,
03-11-2009,15.95,
04-11-2009,16.424999,
05-11-2009,16.440001,
06-11-2009,16.4035,
09-11-2009,16.514999,
10-11-2009,16.475,
11-11-2009,16.58,
12-11-2009,16.68,
13-11-2009,16.5222,
16-11-2009,16.7689,
17-11-2009,16.8225,
18-11-2009,17.040001,
19-11-2009,16.962099,
20-11-2009,17.09,
23-11-2009,17.3999,
24-11-2009,17.4715,
25-11-2009,17.52,
26-11-2009,17.68,
27-11-2009,17.42,
30-11-2009,17.450001,
01-12-2009,17.7995,
02-12-2009,18.0,
03-12-2009,18.030001,
04-12-2009,17.865,
07-12-2009,17.17,
08-12-2009,17.379999,
09-12-2009,17.01,
10-12-2009,16.870001,
11-12-2009,17.0,
14-12-2009,16.83,
15-12-2009,16.7321,
16-12-2009,16.958,
17-12-2009,16.92,
18-12-2009,16.645,
21-12-2009,16.719999,
22-12-2009,16.465,
23-12-2009,16.278999,
24-12-2009,16.584999,
29-12-2009,16.545,
30-12-2009,16.370001,
31-12-2009,16.52,
04-01-2010,16.5499,
05-01-2010,16.68,
06-01-2010,16.6,
07-01-2010,16.572001,
08-01-2010,16.49,
11-01-2010,16.818001,
12-01-2010,16.810301,
13-01-2010,16.5625,
14-01-2010,16.605,
15-01-2010,16.629999,
18-01-2010,16.582199,
19-01-2010,16.5658,
20-01-2010,16.61112,
21-01-2010,16.2551,
22-01-2010,16.215151,
25-01-2010,16.3193,
27-01-2010,16.22897,
28-01-2010,16.19161,
29-01-2010,16.080151,
01-02-2010,16.05752,
02-02-2010,16.49332,
03-02-2010,16.48428,
04-02-2010,16.268881,
05-02-2010,15.7741,
08-02-2010,16.070801,
09-02-2010,15.9931,
10-02-2010,16.068899,
11-02-2010,16.0734,
15-02-2010,16.308001,
16-02-2010,16.460501,
17-02-2010,16.4816,
18-02-2010,16.317801,
19-02-2010,16.3862,
22-02-2010,16.506001,
23-02-2010,16.3937,
24-02-2010,16.2048,
25-02-2010,16.230101,
26-02-2010,16.506399,
02-03-2010,16.563999,
03-03-2010,16.7766,
04-03-2010,16.7946,
05-03-2010,16.714199,
08-03-2010,16.644199,
09-03-2010,16.4408,
10-03-2010,16.4604,
11-03-2010,16.279699,
12-03-2010,16.3741,
15-03-2010,16.233999,
16-03-2010,16.360901,
17-03-2010,16.483999,
18-03-2010,16.4293,
19-03-2010,16.440901,
22-03-2010,16.2027,
23-03-2010,16.202801,
25-03-2010,16.058599,
26-03-2010,16.037201,
29-03-2010,16.1367,
30-03-2010,16.1222,
31-03-2010,16.0823,
01-04-2010,16.1534,
05-04-2010,16.184299,
06-04-2010,16.1297,
07-04-2010,16.262699,
08-04-2010,16.429899,
09-04-2010,16.494499,
12-04-2010,16.582399,
13-04-2010,16.480499,
15-04-2010,16.489201,
16-04-2010,16.5194,
19-04-2010,16.2124,
20-04-2010,16.3603,
21-04-2010,16.3682,
22-04-2010,16.397301,
23-04-2010,16.3232,
26-04-2010,16.4825,
27-04-2010,16.4491,
28-04-2010,16.614,
29-04-2010,16.694,
30-04-2010,16.712,
03-05-2010,16.827999,
04-05-2010,16.891001,
05-05-2010,16.829,
06-05-2010,17.001499,
07-05-2010,17.408501,
10-05-2010,17.082001,
11-05-2010,17.4335,
12-05-2010,17.865499,
13-05-2010,17.775999,
14-05-2010,17.957001,
17-05-2010,17.911501,
18-05-2010,17.650499,
19-05-2010,17.855,
20-05-2010,17.686501,
21-05-2010,17.6875,
24-05-2010,17.716999,
25-05-2010,17.976,
26-05-2010,18.237,
27-05-2010,18.101999,
28-05-2010,17.9485,
31-05-2010,17.973,
01-06-2010,18.348,
02-06-2010,18.3015,
03-06-2010,18.142,
04-06-2010,17.993999,
07-06-2010,18.361,
08-06-2010,18.789,
09-06-2010,18.598499,
10-06-2010,18.384501,
11-06-2010,18.3255,
14-06-2010,18.35,
15-06-2010,18.264999,
16-06-2010,18.402,
17-06-2010,18.336,
18-06-2010,18.415001,
21-06-2010,18.4445,
22-06-2010,18.274,
23-06-2010,18.424999,
24-06-2010,18.320999,
25-06-2010,18.502001,
28-06-2010,18.5425,
29-06-2010,18.440001,
30-06-2010,18.531,
01-07-2010,18.5555,
02-07-2010,18.1075,
05-07-2010,18.165501,
06-07-2010,18.182501,
07-07-2010,17.9755,
08-07-2010,18.092501,
09-07-2010,17.942499,
12-07-2010,18.073,
13-07-2010,18.0965,
14-07-2010,18.140499,
15-07-2010,18.146999,
16-07-2010,18.0755,
19-07-2010,17.966999,
20-07-2010,17.893499,
21-07-2010,18.021,
22-07-2010,17.948999,
23-07-2010,18.040501,
26-07-2010,17.9175,
27-07-2010,17.74,
28-07-2010,17.4265,
29-07-2010,17.489,
30-07-2010,17.530001,
02-08-2010,17.513,
03-08-2010,17.547501,
04-08-2010,17.707001,
05-08-2010,17.717501,
06-08-2010,17.66,
09-08-2010,17.830999,
10-08-2010,17.780001,
11-08-2010,17.883499,
12-08-2010,18.009501,
13-08-2010,18.173,
16-08-2010,18.299999,
17-08-2010,18.32,
18-08-2010,18.25,
19-08-2010,18.299999,
20-08-2010,18.34,
23-08-2010,18.324499,
24-08-2010,18.2815,
25-08-2010,18.549999,
26-08-2010,18.532,
27-08-2010,18.547501,
30-08-2010,18.530001,
31-08-2010,18.58,
01-09-2010,18.759001,
02-09-2010,18.66,
03-09-2010,18.695,
06-09-2010,18.59,
07-09-2010,18.67,
08-09-2010,18.790001,
09-09-2010,18.674,
13-09-2010,18.448999,
14-09-2010,18.613001,
15-09-2010,18.82,
16-09-2010,18.77,
17-09-2010,18.779499,
20-09-2010,18.684999,
21-09-2010,18.73,
22-09-2010,18.719999,
23-09-2010,18.7675,
24-09-2010,18.77,
27-09-2010,18.719999,
28-09-2010,18.620001,
29-09-2010,18.805,
30-09-2010,18.8295,
01-10-2010,18.74,
04-10-2010,18.731501,
05-10-2010,18.901501,
06-10-2010,19.109501,
07-10-2010,19.190001,
08-10-2010,18.85,
11-10-2010,19.139999,
12-10-2010,19.187,
13-10-2010,19.32,
14-10-2010,19.475,
15-10-2010,19.3435,
18-10-2010,19.209,
19-10-2010,19.384501,
20-10-2010,19.011499,
21-10-2010,19.1765,
22-10-2010,18.941,
25-10-2010,19.0905,
26-10-2010,18.9555,
27-10-2010,18.940001,
28-10-2010,18.868,
29-10-2010,18.9505,
01-11-2010,19.362,
02-11-2010,19.281,
03-11-2010,19.276501,
04-11-2010,19.299999,
08-11-2010,19.588499,
09-11-2010,19.827499,
10-11-2010,19.8505,
11-11-2010,19.8825,
12-11-2010,19.6975,
15-11-2010,19.609501,
16-11-2010,19.627501,
18-11-2010,19.613001,
19-11-2010,19.6485,
22-11-2010,19.665501,
23-11-2010,19.834,
24-11-2010,19.9995,
25-11-2010,19.938499,
26-11-2010,19.9545,
29-11-2010,19.929501,
30-11-2010,19.9025,
01-12-2010,19.973,
02-12-2010,19.984501,
03-12-2010,20.0145,
06-12-2010,20.2335,
07-12-2010,20.274,
08-12-2010,20.046,
09-12-2010,19.9625,
10-12-2010,19.9755,
13-12-2010,19.9965,
14-12-2010,20.111,
15-12-2010,19.979,
16-12-2010,19.990499,
20-12-2010,20.004999,
21-12-2010,19.9785,
22-12-2010,19.955999,
23-12-2010,19.865999,
24-12-2010,19.943001,
27-12-2010,20.031,
28-12-2010,19.997999,
29-12-2010,20.134001,
30-12-2010,20.18,
31-12-2010,20.099001,
03-01-2011,20.2115,
04-01-2011,20.134001,
05-01-2011,19.9235,
06-01-2011,19.813999,
07-01-2011,19.672001,
10-01-2011,19.739,
11-01-2011,19.7715,
12-01-2011,19.826,
13-01-2011,19.8465,
14-01-2011,19.7565,
17-01-2011,19.682501,
18-01-2011,19.7785,
19-01-2011,19.731501,
20-01-2011,19.789,
21-01-2011,19.568501,
24-01-2011,19.614,
25-01-2011,19.3095,
27-01-2011,19.472,
28-01-2011,19.2015,
31-01-2011,19.563,
01-02-2011,19.474501,
02-02-2011,19.421,
03-02-2011,19.301001,
04-02-2011,19.5805,
07-02-2011,19.530001,
08-02-2011,19.584,
09-02-2011,19.647499,
10-02-2011,19.705999,
11-02-2011,19.6595,
14-02-2011,19.6595,
15-02-2011,19.775999,
16-02-2011,19.846001,
17-02-2011,19.893499,
18-02-2011,19.956499,
21-02-2011,19.992001,
22-02-2011,20.037001,
23-02-2011,20.056,
24-02-2011,20.32,
25-02-2011,20.191,
28-02-2011,20.197001,
01-03-2011,20.247499,
03-03-2011,20.416,
04-03-2011,20.276501,
07-03-2011,20.542,
08-03-2011,20.432501,
09-03-2011,20.4165,
10-03-2011,20.437,
11-03-2011,20.300501,
14-03-2011,20.341499,
15-03-2011,20.238501,
16-03-2011,20.0695,
17-03-2011,19.991501,
18-03-2011,20.238501,
21-03-2011,20.384501,
22-03-2011,20.417,
23-03-2011,20.395,
24-03-2011,20.466999,
25-03-2011,20.333,
28-03-2011,20.242001,
29-03-2011,20.091,
30-03-2011,20.1595,
31-03-2011,20.243,
01-04-2011,20.294001,
04-04-2011,20.238501,
05-04-2011,20.2285,
06-04-2011,20.453501,
07-04-2011,20.428499,
08-04-2011,20.578501,
11-04-2011,20.6745,
13-04-2011,20.591,
15-04-2011,20.779499,
18-04-2011,20.882999,
19-04-2011,21.1035,
20-04-2011,21.136,
21-04-2011,21.143999,
25-04-2011,21.422001,
26-04-2011,21.216999,
27-04-2011,21.242001,
28-04-2011,21.577499,
29-04-2011,21.566,
02-05-2011,21.927,
03-05-2011,21.788,
04-05-2011,21.642,
05-05-2011,21.412001,
06-05-2011,21.5905,
09-05-2011,21.3715,
10-05-2011,21.483999,
11-05-2011,21.568001,
12-05-2011,21.217501,
13-05-2011,21.516001,
16-05-2011,21.3395,
17-05-2011,21.348499,
18-05-2011,21.302,
19-05-2011,21.25,
20-05-2011,21.365,
23-05-2011,21.603001,
24-05-2011,21.7075,
25-05-2011,21.831499,
26-05-2011,21.738001,
27-05-2011,21.780001,
30-05-2011,21.814501,
31-05-2011,21.904499,
01-06-2011,21.733999,
02-06-2011,21.9165,
03-06-2011,21.754,
06-06-2011,21.856001,
07-06-2011,21.890499,
08-06-2011,21.718,
09-06-2011,21.742001,
10-06-2011,21.827499,
13-06-2011,21.6285,
14-06-2011,21.512501,
15-06-2011,21.434,
16-06-2011,21.599001,
17-06-2011,21.609501,
20-06-2011,21.849501,
21-06-2011,21.893,
22-06-2011,21.901501,
23-06-2011,21.847,
24-06-2011,21.632,
27-06-2011,21.414499,
28-06-2011,21.388,
29-06-2011,21.423,
30-06-2011,21.3375,
01-07-2011,21.049999,
04-07-2011,21.009001,
05-07-2011,21.0515,
06-07-2011,21.306499,
07-07-2011,21.4655,
08-07-2011,21.407,
11-07-2011,21.678499,
12-07-2011,21.789,
13-07-2011,22.018999,
14-07-2011,22.276501,
15-07-2011,22.109501,
18-07-2011,22.4625,
19-07-2011,22.459,
20-07-2011,22.181,
21-07-2011,22.2845,
22-07-2011,22.093,
25-07-2011,22.489,
26-07-2011,22.299999,
27-07-2011,22.3465,
28-07-2011,22.307501,
29-07-2011,22.311501,
01-08-2011,22.3475,
02-08-2011,22.506001,
03-08-2011,23.066999,
04-08-2011,23.152,
05-08-2011,23.252001,
08-08-2011,24.1765,
09-08-2011,25.181,
10-08-2011,24.929001,
11-08-2011,25.5345,
12-08-2011,25.120501,
16-08-2011,25.341499,
17-08-2011,25.683001,
18-08-2011,25.861,
19-08-2011,26.966499,
22-08-2011,27.02,
23-08-2011,26.980499,
24-08-2011,26.612,
25-08-2011,25.1285,
26-08-2011,25.867001,
29-08-2011,26.2115,
30-08-2011,25.895,
02-09-2011,26.681499,
05-09-2011,27.2675,
06-09-2011,27.0695,
07-09-2011,26.425501,
08-09-2011,26.345501,
09-09-2011,27.134501,
12-09-2011,27.065001,
13-09-2011,26.9025,
14-09-2011,27.249001,
15-09-2011,26.9485,
16-09-2011,26.397499,
19-09-2011,27.115999,
20-09-2011,26.9515,
21-09-2011,27.174999,
22-09-2011,27.042999,
23-09-2011,26.686501,
26-09-2011,25.040001,
27-09-2011,25.702499,
28-09-2011,25.343,
29-09-2011,24.902,
30-09-2011,25.205999,
03-10-2011,25.633499,
04-10-2011,25.7505,
05-10-2011,24.875,
07-10-2011,25.351,
10-10-2011,25.4345,
11-10-2011,25.548,
12-10-2011,25.755501,
13-10-2011,25.637501,
14-10-2011,25.665001,
17-10-2011,25.6905,
18-10-2011,25.560499,
19-10-2011,25.456499,
20-10-2011,25.293501,
21-10-2011,25.379999,
24-10-2011,25.914,
25-10-2011,25.7735,
28-10-2011,26.278,
31-10-2011,25.994499,
01-11-2011,26.1625,
02-11-2011,26.540501,
03-11-2011,26.649,
04-11-2011,26.8535,
08-11-2011,27.469,
09-11-2011,27.581499,
11-11-2011,27.424,
14-11-2011,27.7435,
15-11-2011,27.674999,
16-11-2011,27.951,
17-11-2011,27.838499,
18-11-2011,27.455,
21-11-2011,27.49,
22-11-2011,27.509001,
23-11-2011,27.3925,
24-11-2011,27.488501,
25-11-2011,27.2675,
28-11-2011,27.634501,
29-11-2011,27.622499,
30-11-2011,27.667,
01-12-2011,27.966499,
02-12-2011,27.9645,
05-12-2011,27.915001,
07-12-2011,27.754499,
08-12-2011,27.988001,
09-12-2011,27.8085,
12-12-2011,27.516001,
13-12-2011,27.546,
14-12-2011,27.341499,
15-12-2011,26.382999,
16-12-2011,26.1905,
19-12-2011,26.327,
20-12-2011,26.4765,
21-12-2011,26.813499,
22-12-2011,26.538,
23-12-2011,26.514999,
26-12-2011,26.481001,
27-12-2011,26.3675,
28-12-2011,26.327,
29-12-2011,25.8405,
30-12-2011,26.102501,
02-01-2012,26.192499,
03-01-2012,26.446501,
04-01-2012,26.659,
05-01-2012,26.639999,
06-01-2012,26.742001,
09-01-2012,26.542999,
10-01-2012,26.3545,
11-01-2012,26.462999,
12-01-2012,26.527,
13-01-2012,26.279499,
16-01-2012,26.381001,
17-01-2012,26.518499,
18-01-2012,26.351999,
19-01-2012,26.355499,
20-01-2012,26.1355,
23-01-2012,26.344999,
24-01-2012,26.2015,
25-01-2012,26.1285,
27-01-2012,26.705999,
30-01-2012,26.8955,
31-01-2012,27.066,
01-02-2012,27.122499,
02-02-2012,27.009001,
03-02-2012,27.0665,
06-02-2012,26.574499,
07-02-2012,26.636999,
08-02-2012,26.997,
09-02-2012,26.921499,
10-02-2012,26.8405,
13-02-2012,26.7295,
14-02-2012,26.6485,
15-02-2012,26.8305,
16-02-2012,26.808001,
17-02-2012,26.811501,
21-02-2012,26.905001,
22-02-2012,27.18573,
23-02-2012,27.519501,
24-02-2012,27.451469,
27-02-2012,27.23279,
28-02-2012,27.43338,
29-02-2012,27.52536,
01-03-2012,26.60335,
02-03-2012,26.60681,
05-03-2012,26.58083,
06-03-2012,26.504841,
07-03-2012,26.73896,
09-03-2012,26.715281,
12-03-2012,26.766211,
13-03-2012,26.54998,
14-03-2012,26.069071,
15-03-2012,25.99188,
16-03-2012,26.072109,
19-03-2012,26.572901,
20-03-2012,26.550011,
21-03-2012,26.841061,
22-03-2012,26.674629,
23-03-2012,26.916771,
26-03-2012,27.23263,
27-03-2012,27.61146,
28-03-2012,27.34016,
29-03-2012,27.11054,
30-03-2012,27.197479,
02-04-2012,27.292549,
03-04-2012,27.170071,
04-04-2012,26.74542,
09-04-2012,26.711639,
10-04-2012,27.00742,
11-04-2012,27.340611,
12-04-2012,27.31032,
13-04-2012,27.532829,
16-04-2012,27.30278,
17-04-2012,27.350929,
18-04-2012,27.201509,
19-04-2012,27.32555,
20-04-2012,27.3465,
23-04-2012,27.33197,
24-04-2012,27.72047,
25-04-2012,27.60644,
26-04-2012,27.75919,
27-04-2012,27.90851,
30-04-2012,27.960621,
02-05-2012,28.038731,
03-05-2012,28.031481,
04-05-2012,28.04866,
07-05-2012,27.856951,
08-05-2012,27.57345,
09-05-2012,27.196381,
10-05-2012,27.209539,
11-05-2012,27.2048,
14-05-2012,26.94581,
15-05-2012,26.940559,
16-05-2012,26.728121,
17-05-2012,26.929729,
18-05-2012,27.84643,
21-05-2012,27.787319,
22-05-2012,27.64253,
23-05-2012,27.790911,
24-05-2012,28.01985,
25-05-2012,27.842461,
28-05-2012,27.93152,
29-05-2012,27.99654,
30-05-2012,27.771681,
31-05-2012,28.29068,
01-06-2012,27.77906,
04-06-2012,27.586189,
05-06-2012,27.607241,
06-06-2012,28.94171,
07-06-2012,28.556141,
08-06-2012,27.965651,
11-06-2012,28.18928,
12-06-2012,28.52113,
13-06-2012,28.821449,
14-06-2012,28.89912,
15-06-2012,28.938181,
18-06-2012,28.877489,
19-06-2012,29.16786,
20-06-2012,28.923679,
21-06-2012,28.876881,
22-06-2012,28.66098,
25-06-2012,28.412689,
26-06-2012,28.91778,
27-06-2012,28.71171,
28-06-2012,28.573099,
29-06-2012,28.31004,
02-07-2012,28.4958,
03-07-2012,28.203671,
04-07-2012,28.216551,
05-07-2012,28.44491,
06-07-2012,28.185459,
09-07-2012,28.294371,
10-07-2012,28.418989,
11-07-2012,27.89982,
12-07-2012,27.872841,
13-07-2012,28.080839,
16-07-2012,27.80418,
17-07-2012,28.09844,
18-07-2012,27.930639,
19-07-2012,27.959299,
20-07-2012,27.90917,
23-07-2012,28.00758,
24-07-2012,28.1527,
25-07-2012,28.57416,
26-07-2012,28.63048,
27-07-2012,28.63386,
30-07-2012,28.608219,
31-07-2012,28.893431,
01-08-2012,28.640209,
02-08-2012,28.61735,
03-08-2012,28.605061,
06-08-2012,28.503611,
07-08-2012,28.621519,
08-08-2012,28.345381,
09-08-2012,28.45426,
10-08-2012,28.46673,
13-08-2012,28.732889,
14-08-2012,28.71236,
16-08-2012,28.69558,
17-08-2012,28.77718,
21-08-2012,28.821119,
22-08-2012,29.084459,
23-08-2012,29.290751,
24-08-2012,29.457041,
27-08-2012,29.561871,
28-08-2012,29.6049,
29-08-2012,29.55887,
30-08-2012,29.42671,
31-08-2012,29.47551,
03-09-2012,29.843281,
04-09-2012,29.977579,
05-09-2012,30.127871,
06-09-2012,30.49118,
07-09-2012,30.049681,
10-09-2012,30.571159,
11-09-2012,30.637541,
12-09-2012,30.69618,
13-09-2012,30.585569,
14-09-2012,30.90663,
17-09-2012,30.462549,
18-09-2012,30.440741,
20-09-2012,30.535891,
21-09-2012,30.49671,
24-09-2012,29.91584,
25-09-2012,30.178511,
26-09-2012,30.152731,
27-09-2012,29.840309,
28-09-2012,29.95384,
01-10-2012,29.850559,
03-10-2012,29.7136,
04-10-2012,29.66466,
05-10-2012,29.481871,
08-10-2012,29.470921,
09-10-2012,29.58445,
10-10-2012,29.819691,
11-10-2012,29.9027,
12-10-2012,29.69714,
15-10-2012,29.601521,
16-10-2012,29.28669,
17-10-2012,29.414141,
18-10-2012,29.533291,
19-10-2012,29.689569,
22-10-2012,29.537491,
23-10-2012,29.36235,
25-10-2012,29.3493,
29-10-2012,29.38916,
30-10-2012,29.59976,
31-10-2012,29.648149,
01-11-2012,29.518709,
02-11-2012,29.242319,
05-11-2012,28.97431,
06-11-2012,29.449181,
07-11-2012,29.90996,
08-11-2012,29.75198,
09-11-2012,29.991529,
12-11-2012,30.35215,
15-11-2012,30.16902,
16-11-2012,29.959909,
19-11-2012,30.18631,
20-11-2012,30.33503,
21-11-2012,30.366911,
22-11-2012,30.392679,
23-11-2012,30.57412,
26-11-2012,30.966009,
27-11-2012,30.9718,
29-11-2012,30.32229,
30-11-2012,30.02947,
03-12-2012,29.87536,
04-12-2012,29.88867,
05-12-2012,29.629511,
06-12-2012,29.409611,
07-12-2012,29.32823,
10-12-2012,29.58688,
11-12-2012,29.59395,
12-12-2012,29.61582,
13-12-2012,29.301901,
14-12-2012,29.410271,
17-12-2012,29.400721,
18-12-2012,29.670839,
19-12-2012,29.196779,
20-12-2012,29.12492,
21-12-2012,28.94088,
24-12-2012,29.176371,
26-12-2012,29.112961,
27-12-2012,28.932541,
28-12-2012,28.990339,
31-12-2012,29.03986,
01-01-2013,29.042959,
02-01-2013,29.106859,
03-01-2013,29.16897,
04-01-2013,28.510229,
07-01-2013,28.931511,
08-01-2013,29.106291,
09-01-2013,29.084511,
10-01-2013,28.90782,
11-01-2013,28.96826,
14-01-2013,28.985809,
15-01-2013,29.1569,
16-01-2013,29.286381,
17-01-2013,29.250139,
18-01-2013,29.012449,
21-01-2013,28.939989,
22-01-2013,29.410931,
23-01-2013,29.53933,
24-01-2013,29.33106,
25-01-2013,29.22014,
28-01-2013,29.01709,
29-01-2013,28.9823,
30-01-2013,29.007441,
31-01-2013,28.998859,
01-02-2013,28.87204,
04-02-2013,28.68046,
05-02-2013,29.0639,
06-02-2013,28.82811,
07-02-2013,28.949751,
08-02-2013,29.011841,
11-02-2013,28.96343,
12-02-2013,28.748199,
13-02-2013,28.79528,
14-02-2013,28.740009,
15-02-2013,28.55648,
18-02-2013,28.37571,
19-02-2013,28.4119,
20-02-2013,28.10631,
21-02-2013,27.76149,
22-02-2013,27.96875,
25-02-2013,27.986231,
26-02-2013,28.07428,
27-02-2013,28.14567,
28-02-2013,27.83017,
01-03-2013,27.82464,
04-03-2013,28.18203,
05-03-2013,28.09341,
06-03-2013,27.949181,
07-03-2013,28.07168,
08-03-2013,27.860121,
11-03-2013,27.813379,
12-03-2013,27.91543,
13-03-2013,27.95336,
14-03-2013,28.00564,
15-03-2013,28.004829,
18-03-2013,28.152241,
19-03-2013,28.18712,
20-03-2013,28.389891,
21-03-2013,28.29664,
22-03-2013,28.361309,
25-03-2013,28.09255,
26-03-2013,28.094431,
28-03-2013,28.235201,
01-04-2013,28.24815,
02-04-2013,28.142799,
03-04-2013,27.687429,
04-04-2013,27.42502,
05-04-2013,27.6567,
08-04-2013,27.98485,
09-04-2013,27.78174,
10-04-2013,27.96382,
11-04-2013,27.538879,
12-04-2013,27.36758,
15-04-2013,25.27248,
16-04-2013,24.450171,
17-04-2013,24.30447,
18-04-2013,24.474001,
22-04-2013,24.977011,
23-04-2013,24.90653,
25-04-2013,25.32914,
26-04-2013,25.640341,
29-04-2013,25.87212,
30-04-2013,25.849661,
02-05-2013,25.37693,
03-05-2013,25.80928,
06-05-2013,25.80649,
07-05-2013,25.730829,
08-05-2013,25.5312,
09-05-2013,25.82015,
10-05-2013,25.61927,
13-05-2013,25.457569,
14-05-2013,25.44385,
15-05-2013,25.109579,
16-05-2013,24.485729,
17-05-2013,24.5462,
20-05-2013,24.224421,
21-05-2013,24.64052,
22-05-2013,24.866301,
23-05-2013,25.074869,
24-05-2013,24.90078,
27-05-2013,24.903879,
28-05-2013,24.84936,
29-05-2013,25.15089,
30-05-2013,25.45841,
31-05-2013,25.694469,
03-06-2013,25.556459,
04-06-2013,25.72987,
05-06-2013,25.487379,
06-06-2013,26.219151,
07-06-2013,26.400789,
10-06-2013,26.26124,
11-06-2013,26.60738,
12-06-2013,26.47324,
13-06-2013,26.68924,
14-06-2013,26.29361,
17-06-2013,26.356239,
18-06-2013,26.52507,
19-06-2013,26.42495,
20-06-2013,25.688999,
21-06-2013,25.400181,
24-06-2013,25.3855,
25-06-2013,25.268999,
26-06-2013,24.515499,
27-06-2013,24.5765,
28-06-2013,23.843,
01-07-2013,24.443001,
02-07-2013,24.783001,
03-07-2013,24.836,
04-07-2013,24.8915,
05-07-2013,24.823,
08-07-2013,24.7125,
09-07-2013,24.859501,
10-07-2013,24.823999,
11-07-2013,25.261999,
12-07-2013,25.150499,
15-07-2013,25.306499,
16-07-2013,25.124001,
17-07-2013,25.209,
18-07-2013,25.1875,
19-07-2013,25.313499,
22-07-2013,25.7745,
23-07-2013,26.176001,
24-07-2013,25.8985,
25-07-2013,25.538,
26-07-2013,25.83,
29-07-2013,26.252501,
30-07-2013,26.483,
31-07-2013,26.740499,
01-08-2013,26.334499,
02-08-2013,25.9575,
05-08-2013,26.507,
06-08-2013,26.448999,
07-08-2013,26.061001,
08-08-2013,26.316999,
12-08-2013,27.079,
13-08-2013,27.6605,
14-08-2013,27.570999,
16-08-2013,28.553499,
19-08-2013,29.035,
20-08-2013,29.077499,
21-08-2013,29.201,
22-08-2013,29.241501,
23-08-2013,29.032,
26-08-2013,29.431499,
27-08-2013,29.7435,
28-08-2013,30.169001,
29-08-2013,29.966499,
30-08-2013,29.118999,
02-09-2013,29.209499,
03-09-2013,29.969999,
04-09-2013,29.779499,
05-09-2013,29.247499,
06-09-2013,28.5965,
10-09-2013,28.2465,
11-09-2013,28.139999,
12-09-2013,28.145,
13-09-2013,27.6985,
16-09-2013,27.573,
17-09-2013,27.8435,
18-09-2013,27.533501,
19-09-2013,28.244499,
20-09-2013,28.136499,
23-09-2013,27.8915,
24-09-2013,27.761999,
25-09-2013,27.9165,
26-09-2013,27.9375,
27-09-2013,28.011999,
30-09-2013,28.423,
01-10-2013,28.077,
03-10-2013,27.896999,
04-10-2013,27.8895,
07-10-2013,27.968,
08-10-2013,28.7215,
09-10-2013,28.379999,
10-10-2013,28.4105,
11-10-2013,28.064501,
14-10-2013,28.317499,
15-10-2013,28.118,
17-10-2013,28.68,
18-10-2013,28.875,
21-10-2013,29.077,
22-10-2013,29.32,
23-10-2013,29.74,
24-10-2013,29.654499,
25-10-2013,29.753,
28-10-2013,29.871,
29-10-2013,29.164,
30-10-2013,29.0825,
31-10-2013,28.658001,
01-11-2013,28.8095,
05-11-2013,28.476,
06-11-2013,28.767,
07-11-2013,28.582001,
08-11-2013,28.709999,
11-11-2013,28.665501,
12-11-2013,29.036501,
13-11-2013,28.9505,
14-11-2013,28.990499,
18-11-2013,29.035999,
19-11-2013,28.8825,
20-11-2013,28.8965,
21-11-2013,28.780001,
22-11-2013,28.801001,
25-11-2013,28.403999,
26-11-2013,28.715,
27-11-2013,28.621,
28-11-2013,28.470501,
29-11-2013,28.76,
02-12-2013,28.603001,
03-12-2013,28.5175,
04-12-2013,28.6085,
05-12-2013,28.672001,
06-12-2013,28.459499,
09-12-2013,28.1555,
10-12-2013,28.299999,
11-12-2013,28.400999,
12-12-2013,28.219999,
13-12-2013,28.1735,
16-12-2013,28.1045,
17-12-2013,27.9615,
18-12-2013,27.9305,
19-12-2013,27.7605,
20-12-2013,27.591499,
23-12-2013,27.632,
24-12-2013,27.517,
26-12-2013,27.615,
27-12-2013,27.4335,
30-12-2013,27.246,
31-12-2013,27.174999,
01-01-2014,27.243,
02-01-2014,27.460501,
03-01-2014,27.653,
06-01-2014,27.627001,
07-01-2014,27.6115,
08-01-2014,27.400499,
09-01-2014,27.429501,
10-01-2014,27.521999,
13-01-2014,27.6045,
14-01-2014,27.7055,
15-01-2014,27.535,
16-01-2014,27.5835,
17-01-2014,27.5655,
20-01-2014,27.7335,
21-01-2014,27.681,
22-01-2014,27.5585,
23-01-2014,27.506001,
24-01-2014,27.6625,
27-01-2014,27.835501,
28-01-2014,27.759501,
29-01-2014,28.141001,
30-01-2014,27.795,
31-01-2014,27.655001,
03-02-2014,27.6045,
04-02-2014,27.7115,
05-02-2014,27.706499,
06-02-2014,27.7195,
07-02-2014,27.748501,
10-02-2014,27.912001,
11-02-2014,28.018,
12-02-2014,27.9935,
13-02-2014,27.952499,
14-02-2014,28.1015,
17-02-2014,28.527,
18-02-2014,28.591999,
19-02-2014,28.629999,
20-02-2014,28.564501,
21-02-2014,28.441,
24-02-2014,28.572001,
25-02-2014,28.503,
26-02-2014,28.552,
28-02-2014,28.502501,
03-03-2014,28.615499,
04-03-2014,28.4515,
05-03-2014,28.3575,
06-03-2014,28.2495,
07-03-2014,28.215,
10-03-2014,28.0525,
11-03-2014,28.097,
12-03-2014,28.18,
13-03-2014,28.219999,
14-03-2014,28.366501,
18-03-2014,28.128,
19-03-2014,27.9175,
20-03-2014,27.544001,
21-03-2014,27.627001,
24-03-2014,27.3095,
25-03-2014,27.0315,
26-03-2014,27.0065,
27-03-2014,26.826,
28-03-2014,26.861,
31-03-2014,27.0725,
01-04-2014,26.7775,
02-04-2014,26.370001,
03-04-2014,26.6145,
04-04-2014,26.640499,
07-04-2014,26.679501,
09-04-2014,26.836,
10-04-2014,27.098499,
11-04-2014,27.0665,
15-04-2014,27.3235,
16-04-2014,27.318001,
17-04-2014,27.407,
21-04-2014,27.519501,
22-04-2014,27.745001,
23-04-2014,27.8395,
25-04-2014,27.9935,
28-04-2014,28.034,
29-04-2014,27.956499,
30-04-2014,27.8585,
02-05-2014,27.84,
05-05-2014,27.9445,
06-05-2014,27.9725,
07-05-2014,27.997999,
08-05-2014,27.7705,
09-05-2014,27.636499,
12-05-2014,27.584,
13-05-2014,27.444,
14-05-2014,27.409,
15-05-2014,27.380501,
16-05-2014,27.014999,
19-05-2014,26.7575,
20-05-2014,26.641001,
21-05-2014,26.540501,
22-05-2014,25.598,
23-05-2014,25.509001,
26-05-2014,25.591,
27-05-2014,25.456499,
28-05-2014,25.254499,
29-05-2014,24.926001,
30-05-2014,24.921,
02-06-2014,24.8015,
03-06-2014,24.813499,
04-06-2014,24.771,
05-06-2014,24.7145,
06-06-2014,24.733,
09-06-2014,24.649,
10-06-2014,24.696501,
11-06-2014,24.844999,
12-06-2014,24.8515,
13-06-2014,25.122499,
16-06-2014,25.594,
17-06-2014,25.335501,
18-06-2014,25.429501,
19-06-2014,25.5385,
20-06-2014,26.094,
23-06-2014,26.0735,
24-06-2014,26.193501,
25-06-2014,26.0415,
26-06-2014,26.066999,
27-06-2014,26.008499,
30-06-2014,26.067499,
01-07-2014,26.077999,
02-07-2014,25.9695,
03-07-2014,25.799999,
04-07-2014,25.802,
07-07-2014,25.650499,
08-07-2014,25.630501,
09-07-2014,25.701,
10-07-2014,26.3365,
11-07-2014,26.251499,
14-07-2014,26.092501,
15-07-2014,25.949499,
16-07-2014,25.782499,
17-07-2014,25.8505,
18-07-2014,25.957001,
21-07-2014,25.957001,
22-07-2014,25.856501,
23-07-2014,25.788,
24-07-2014,25.673,
25-07-2014,25.516001,
28-07-2014,25.7675,
30-07-2014,25.681999,
31-07-2014,25.6915,
01-08-2014,25.7875,
04-08-2014,25.892,
05-08-2014,25.8465,
06-08-2014,25.9785,
07-08-2014,26.179001,
08-08-2014,26.4795,
11-08-2014,26.196501,
12-08-2014,26.3235,
13-08-2014,26.259001,
14-08-2014,26.278,
18-08-2014,26.0245,
19-08-2014,25.922501,
20-08-2014,25.957001,
21-08-2014,25.6945,
22-08-2014,25.738001,
25-08-2014,25.532499,
26-08-2014,25.688,
27-08-2014,25.6015,
28-08-2014,25.7075,
01-09-2014,25.709499,
02-09-2014,25.562,
03-09-2014,25.4625,
04-09-2014,25.356501,
05-09-2014,25.282,
08-09-2014,25.1835,
09-09-2014,25.098499,
10-09-2014,25.251499,
11-09-2014,25.109501,
12-09-2014,25.004499,
15-09-2014,24.987499,
16-09-2014,25.008499,
17-09-2014,24.854,
18-09-2014,24.861,
19-09-2014,24.7985,
22-09-2014,24.689501,
23-09-2014,24.789,
24-09-2014,24.895,
25-09-2014,24.7665,
26-09-2014,24.766001,
29-09-2014,24.806999,
30-09-2014,24.698,
01-10-2014,24.695999,
07-10-2014,24.5905,
08-10-2014,24.884001,
09-10-2014,24.903999,
10-10-2014,24.862499,
13-10-2014,24.940001,
14-10-2014,24.9835,
16-10-2014,25.396,
17-10-2014,25.126499,
20-10-2014,25.080999,
21-10-2014,25.612499,
22-10-2014,25.261499,
27-10-2014,24.911501,
28-10-2014,24.906,
29-10-2014,24.8675,
30-10-2014,24.642,
31-10-2014,24.27,
03-11-2014,24.295,
05-11-2014,24.063499,
07-11-2014,23.902,
10-11-2014,24.121,
11-11-2014,23.822001,
12-11-2014,23.932501,
13-11-2014,23.943001,
14-11-2014,23.904499,
17-11-2014,24.304001,
18-11-2014,24.407499,
19-11-2014,24.491501,
20-11-2014,24.378,
21-11-2014,24.312,
24-11-2014,24.3515,
25-11-2014,24.4995,
26-11-2014,24.657499,
27-11-2014,24.446501,
28-11-2014,24.429001,
01-12-2014,23.917,
02-12-2014,24.2055,
03-12-2014,24.417999,
04-12-2014,24.370501,
05-12-2014,24.2705,
08-12-2014,24.3025,
09-12-2014,24.374001,
10-12-2014,24.8615,
11-12-2014,24.676001,
12-12-2014,24.862499,
15-12-2014,24.813,
16-12-2014,24.763,
17-12-2014,24.754,
18-12-2014,24.657499,
19-12-2014,24.616501,
22-12-2014,24.761999,
23-12-2014,24.472,
24-12-2014,24.3995,
26-12-2014,24.613501,
29-12-2014,24.7075,
30-12-2014,24.593,
31-12-2014,24.6415,
01-01-2015,24.563499,
02-01-2015,24.511999,
05-01-2015,24.662001,
06-01-2015,24.979,
07-01-2015,25.021999,
08-01-2015,24.689501,
09-01-2015,24.563499,
12-01-2015,24.789,
13-01-2015,24.997499,
14-01-2015,24.857,
15-01-2015,24.786501,
16-01-2015,25.321501,
19-01-2015,25.5445,
20-01-2015,25.807501,
21-01-2015,25.9265,
22-01-2015,25.709499,
23-01-2015,25.773001,
27-01-2015,25.57,
28-01-2015,25.688,
29-01-2015,25.521,
30-01-2015,25.788,
02-02-2015,25.6975,
03-02-2015,25.67,
04-02-2015,25.402,
05-02-2015,25.495501,
06-02-2015,25.5,
09-02-2015,25.068501,
10-02-2015,25.0725,
11-02-2015,25.084,
12-02-2015,24.879999,
13-02-2015,24.992001,
16-02-2015,25.056499,
18-02-2015,24.804001,
19-02-2015,24.7285,
20-02-2015,24.717501,
23-02-2015,24.591,
24-02-2015,24.362,
25-02-2015,24.434999,
26-02-2015,24.409,
27-02-2015,24.365999,
02-03-2015,24.622999,
03-03-2015,24.439501,
04-03-2015,24.4265,
05-03-2015,24.5735,
09-03-2015,24.349001,
10-03-2015,24.1415,
11-03-2015,24.024,
12-03-2015,23.9685,
13-03-2015,23.917,
16-03-2015,23.927,
17-03-2015,23.8095,
18-03-2015,23.743999,
19-03-2015,23.785,
20-03-2015,23.812,
23-03-2015,23.900999,
24-03-2015,24.047001,
25-03-2015,24.0245,
26-03-2015,24.550501,
27-03-2015,24.195,
30-03-2015,24.111,
31-03-2015,23.9895,
01-04-2015,24.136,
06-04-2015,24.636999,
07-04-2015,24.539,
08-04-2015,24.557501,
09-04-2015,24.207001,
10-04-2015,24.3365,
13-04-2015,24.3605,
15-04-2015,24.188,
16-04-2015,24.4035,
17-04-2015,24.436001,
20-04-2015,24.6115,
21-04-2015,24.857,
22-04-2015,24.601,
23-04-2015,24.4415,
24-04-2015,24.596001,
27-04-2015,24.453501,
28-04-2015,24.634501,
29-04-2015,24.7355,
30-04-2015,24.842501,
04-05-2015,24.5275,
05-05-2015,24.480499,
06-05-2015,24.602501,
07-05-2015,24.684,
08-05-2015,24.6425,
11-05-2015,24.611,
12-05-2015,24.709,
13-05-2015,24.843,
14-05-2015,25.166,
15-05-2015,25.0655,
18-05-2015,25.315001,
19-05-2015,25.1285,
20-05-2015,24.974501,
21-05-2015,24.995501,
22-05-2015,24.8375,
25-05-2015,24.793501,
26-05-2015,24.73,
27-05-2015,24.662001,
28-05-2015,24.620501,
29-05-2015,24.598499,
01-06-2015,24.511499,
02-06-2015,24.684999,
03-06-2015,24.665501,
04-06-2015,24.615999,
05-06-2015,24.442499,
08-06-2015,24.48,
09-06-2015,24.474001,
10-06-2015,24.518,
11-06-2015,24.2845,
12-06-2015,24.4445,
15-06-2015,24.411501,
16-06-2015,24.48,
17-06-2015,24.438499,
18-06-2015,24.598,
19-06-2015,24.57,
22-06-2015,24.445999,
23-06-2015,24.2495,
24-06-2015,24.143499,
25-06-2015,24.237,
26-06-2015,24.207001,
29-06-2015,24.306999,
30-06-2015,24.1985,
01-07-2015,24.177,
02-07-2015,24.026501,
03-07-2015,23.948,
06-07-2015,23.9165,
07-07-2015,23.996,
08-07-2015,23.973499,
09-07-2015,24.120001,
10-07-2015,23.978001,
13-07-2015,23.83,
14-07-2015,23.779499,
15-07-2015,23.7915,
16-07-2015,23.627501,
17-07-2015,23.6045,
20-07-2015,23.328501,
21-07-2015,23.384501,
22-07-2015,22.851,
23-07-2015,22.928499,
24-07-2015,22.865,
27-07-2015,22.93,
28-07-2015,22.898001,
29-07-2015,22.799999,
30-07-2015,22.7285,
31-07-2015,22.6975,
03-08-2015,22.740999,
04-08-2015,22.688,
05-08-2015,22.511999,
06-08-2015,22.4855,
07-08-2015,22.6105,
10-08-2015,22.702,
11-08-2015,23.143,
12-08-2015,23.459999,
13-08-2015,23.545,
14-08-2015,23.504,
17-08-2015,23.645,
18-08-2015,23.7575,
19-08-2015,23.755501,
20-08-2015,24.0875,
21-08-2015,24.442499,
24-08-2015,24.739,
25-08-2015,24.446501,
26-08-2015,24.171499,
27-08-2015,23.961,
28-08-2015,24.132999,
31-08-2015,24.313,
01-09-2015,24.450001,
02-09-2015,24.2775,
03-09-2015,24.084,
04-09-2015,24.069,
07-09-2015,24.1185,
08-09-2015,24.103001,
09-09-2015,23.980499,
10-09-2015,23.765499,
11-09-2015,23.808001,
14-09-2015,23.749001,
15-09-2015,23.7335,
16-09-2015,23.76,
18-09-2015,24.1075,
21-09-2015,23.9755,
22-09-2015,23.9475,
23-09-2015,23.841,
24-09-2015,24.1005,
28-09-2015,24.073,
29-09-2015,23.8925,
30-09-2015,23.870001,
01-10-2015,23.661501,
05-10-2015,23.884501,
06-10-2015,23.962999,
07-10-2015,24.052,
08-10-2015,23.9625,
09-10-2015,24.1255,
12-10-2015,24.327,
13-10-2015,24.1595,
14-10-2015,24.425501,
15-10-2015,24.599001,
16-10-2015,24.4865,
19-10-2015,24.3965,
20-10-2015,24.481001,
21-10-2015,24.569,
23-10-2015,24.427999,
26-10-2015,24.3265,
27-10-2015,24.4515,
28-10-2015,24.539,
29-10-2015,24.447001,
30-10-2015,24.4065,
02-11-2015,24.115,
03-11-2015,23.966999,
04-11-2015,23.804501,
05-11-2015,23.795,
06-11-2015,23.635,
09-11-2015,23.7705,
10-11-2015,23.493999,
13-11-2015,23.2125,
16-11-2015,23.306,
17-11-2015,23.1175,
18-11-2015,23.033501,
19-11-2015,23.053499,
20-11-2015,23.2735,
23-11-2015,23.101999,
24-11-2015,23.191,
26-11-2015,23.113001,
27-11-2015,23.102501,
30-11-2015,22.924999,
01-12-2015,23.105,
02-12-2015,23.031,
03-12-2015,22.861,
04-12-2015,22.981501,
07-12-2015,23.336,
08-12-2015,23.136,
09-12-2015,23.284,
10-12-2015,23.1455,
11-12-2015,23.0415,
14-12-2015,23.0865,
15-12-2015,22.9765,
16-12-2015,22.969,
17-12-2015,22.942499,
18-12-2015,22.7425,
21-12-2015,22.9505,
22-12-2015,23.099001,
23-12-2015,22.947001,
24-12-2015,22.938999,
28-12-2015,22.934,
29-12-2015,22.991501,
30-12-2015,22.942499,
31-12-2015,22.7925,
01-01-2016,22.802,
04-01-2016,23.047001,
05-01-2016,23.196501,
06-01-2016,23.330999,
07-01-2016,23.667999,
08-01-2016,23.607,
11-01-2016,23.6805,
12-01-2016,23.6325,
13-01-2016,23.311501,
14-01-2016,23.671499,
15-01-2016,23.705,
18-01-2016,23.851,
19-01-2016,23.764999,
20-01-2016,23.944,
21-01-2016,23.983999,
22-01-2016,23.862499,
25-01-2016,24.0,
27-01-2016,24.2745,
28-01-2016,24.299999,
29-01-2016,24.2335,
01-02-2016,24.33,
02-02-2016,24.4855,
03-02-2016,24.530001,
04-02-2016,24.7185,
05-02-2016,24.851,
08-02-2016,25.202499,
09-02-2016,25.664,
10-02-2016,25.3985,
11-02-2016,25.9545,
12-02-2016,26.297001,
15-02-2016,25.8745,
16-02-2016,26.0245,
17-02-2016,25.8535,
18-02-2016,25.838499,
19-02-2016,26.125,
22-02-2016,25.882,
23-02-2016,26.162001,
24-02-2016,26.243,
25-02-2016,26.399,
26-02-2016,26.356501,
29-02-2016,26.4895,
01-03-2016,26.515499,
02-03-2016,26.1115,
03-03-2016,26.269501,
04-03-2016,26.6765,
08-03-2016,26.7565,
09-03-2016,26.483,
10-03-2016,26.3125,
11-03-2016,26.6805,
14-03-2016,26.601,
15-03-2016,26.130501,
16-03-2016,26.060499,
17-03-2016,26.4555,
18-03-2016,26.188999,
21-03-2016,26.0445,
22-03-2016,26.047501,
23-03-2016,25.743,
28-03-2016,25.3375,
29-03-2016,25.431,
30-03-2016,25.6945,
31-03-2016,25.637501,
01-04-2016,25.7885,
04-04-2016,25.4755,
05-04-2016,25.903999,
06-04-2016,25.906,
07-04-2016,26.1555,
08-04-2016,26.257999,
11-04-2016,26.282499,
12-04-2016,26.549999,
13-04-2016,26.346001,
18-04-2016,26.4925,
20-04-2016,26.561001,
21-04-2016,26.843,
22-04-2016,26.698,
25-04-2016,26.4405,
26-04-2016,26.455999,
27-04-2016,26.617001,
28-04-2016,26.875,
29-04-2016,27.171,
02-05-2016,27.476,
03-05-2016,27.48,
04-05-2016,27.202499,
05-05-2016,27.126499,
06-05-2016,27.282499,
09-05-2016,27.27,
10-05-2016,27.172001,
11-05-2016,27.1665,
12-05-2016,27.0165,
13-05-2016,27.193001,
16-05-2016,27.3225,
17-05-2016,27.2745,
18-05-2016,27.313,
19-05-2016,27.2855,
20-05-2016,27.2255,
23-05-2016,27.187,
24-05-2016,27.021,
25-05-2016,26.709499,
26-05-2016,26.865499,
27-05-2016,26.811001,
30-05-2016,26.419001,
31-05-2016,26.455999,
01-06-2016,26.501499,
02-06-2016,26.289499,
03-06-2016,26.271999,
06-06-2016,26.720501,
07-06-2016,26.512501,
08-06-2016,26.500999,
09-06-2016,26.630501,
10-06-2016,26.783501,
13-06-2016,27.0585,
14-06-2016,27.0595,
15-06-2016,27.002501,
16-06-2016,27.465,
17-06-2016,27.136,
20-06-2016,27.102501,
21-06-2016,27.130501,
22-06-2016,26.899,
23-06-2016,26.7885,
24-06-2016,27.7435,
27-06-2016,28.027,
28-06-2016,28.0905,
29-06-2016,27.854,
30-06-2016,27.773001,
01-07-2016,28.018499,
04-07-2016,28.1595,
05-07-2016,28.0765,
07-07-2016,28.368999,
08-07-2016,28.3395,
11-07-2016,28.407499,
12-07-2016,28.174,
13-07-2016,28.056,
14-07-2016,27.9865,
15-07-2016,27.963499,
18-07-2016,27.836,
19-07-2016,27.900499,
20-07-2016,27.8475,
21-07-2016,27.831499,
22-07-2016,27.855,
25-07-2016,27.777,
26-07-2016,27.918501,
27-07-2016,27.8445,
28-07-2016,28.0375,
29-07-2016,27.962999,
01-08-2016,28.4555,
02-08-2016,28.7915,
03-08-2016,28.867001,
04-08-2016,28.771999,
05-08-2016,29.1015,
08-08-2016,28.3575,
09-08-2016,28.539499,
10-08-2016,28.790501,
11-08-2016,28.665501,
12-08-2016,28.702499,
16-08-2016,28.5205,
17-08-2016,28.477501,
18-08-2016,28.643,
19-08-2016,28.6595,
22-08-2016,28.549999,
23-08-2016,28.484501,
24-08-2016,28.52,
25-08-2016,28.317499,
26-08-2016,28.415501,
29-08-2016,28.162001,
30-08-2016,28.141001,
31-08-2016,28.120501,
01-09-2016,27.823999,
02-09-2016,27.880501,
06-09-2016,28.0425,
07-09-2016,28.324499,
08-09-2016,28.320499,
09-09-2016,28.1415,
12-09-2016,28.3955,
14-09-2016,28.2735,
15-09-2016,28.15,
16-09-2016,28.1005,
19-09-2016,28.2505,
20-09-2016,28.2955,
21-09-2016,28.351,
22-09-2016,28.381001,
23-09-2016,28.4025,
26-09-2016,28.4205,
27-09-2016,28.338499,
28-09-2016,28.103001,
29-09-2016,28.499001,
30-09-2016,28.252001,
03-10-2016,28.179001,
04-10-2016,28.153999,
05-10-2016,27.899,
06-10-2016,27.717501,
07-10-2016,27.617001,
10-10-2016,27.9615,
13-10-2016,27.563999,
14-10-2016,27.492001,
17-10-2016,27.474001,
18-10-2016,27.554001,
19-10-2016,27.4555,
20-10-2016,27.503,
21-10-2016,27.447001,
24-10-2016,27.3515,
25-10-2016,27.268999,
26-10-2016,27.280001,
27-10-2016,27.243999,
28-10-2016,27.357,
01-11-2016,27.405001,
02-11-2016,27.669001,
03-11-2016,27.6565,
04-11-2016,27.719999,
07-11-2016,27.629499,
08-11-2016,27.7085,
09-11-2016,28.139,
10-11-2016,28.011499,
11-11-2016,27.5415,
15-11-2016,27.4105,
16-11-2016,27.3745,
17-11-2016,27.049,
18-11-2016,26.482,
21-11-2016,26.6035,
22-11-2016,26.709499,
23-11-2016,26.74,
24-11-2016,26.656,
25-11-2016,26.343,
28-11-2016,26.5595,
29-11-2016,26.543501,
30-11-2016,26.456499,
01-12-2016,26.162001,
02-12-2016,25.940001,
05-12-2016,25.834499,
06-12-2016,25.916,
07-12-2016,25.822001,
08-12-2016,25.906,
09-12-2016,25.733999,
12-12-2016,25.660999,
13-12-2016,25.579,
14-12-2016,25.525499,
15-12-2016,25.295,
16-12-2016,25.007999,
19-12-2016,25.087,
20-12-2016,25.0275,
21-12-2016,25.016001,
22-12-2016,24.877001,
23-12-2016,24.863001,
26-12-2016,25.0,
27-12-2016,25.251499,
28-12-2016,25.469,
29-12-2016,25.466499,
30-12-2016,25.646,
02-01-2017,25.5835,
03-01-2017,25.4615,
04-01-2017,25.8325,
05-01-2017,25.9825,
06-01-2017,25.983999,
09-01-2017,26.045,
10-01-2017,26.148001,
11-01-2017,26.337,
12-01-2017,26.5135,
13-01-2017,26.4505,
16-01-2017,26.591999,
17-01-2017,26.799,
18-01-2017,26.856501,
19-01-2017,26.663,
20-01-2017,26.688,
23-01-2017,26.664499,
24-01-2017,26.6625,
25-01-2017,26.521,
27-01-2017,26.215,
30-01-2017,26.07,
31-01-2017,26.306999,
01-02-2017,26.4335,
02-02-2017,26.545,
03-02-2017,26.444,
06-02-2017,26.537001,
07-02-2017,26.8815,
08-02-2017,26.942499,
09-02-2017,26.837,
10-02-2017,26.531,
13-02-2017,26.456499,
14-02-2017,26.584,
15-02-2017,26.483999,
16-02-2017,26.6835,
17-02-2017,26.864,
20-02-2017,26.7745,
21-02-2017,26.5905,
22-02-2017,26.877001,
23-02-2017,26.866501,
27-02-2017,27.077999,
28-02-2017,27.0215,
01-03-2017,26.931999,
02-03-2017,26.867001,
03-03-2017,26.6185,
06-03-2017,26.7365,
07-03-2017,26.561501,
08-03-2017,26.2925,
09-03-2017,26.246,
10-03-2017,26.113001,
14-03-2017,25.9585,
15-03-2017,25.6285,
16-03-2017,25.9625,
17-03-2017,25.9895,
20-03-2017,26.049999,
21-03-2017,26.061501,
22-03-2017,26.348,
23-03-2017,26.382999,
24-03-2017,26.336,
27-03-2017,26.427,
28-03-2017,26.332001,
29-03-2017,26.288,
30-03-2017,26.268999,
31-03-2017,26.1285,
03-04-2017,26.0825,
05-04-2017,26.371,
06-04-2017,26.3925,
07-04-2017,26.514,
10-04-2017,26.210501,
11-04-2017,26.2605,
12-04-2017,26.6005,
13-04-2017,26.778999,
17-04-2017,26.804501,
18-04-2017,26.7945,
19-04-2017,26.681499,
20-04-2017,26.6845,
21-04-2017,26.768499,
24-04-2017,26.549,
25-04-2017,26.4925,
26-04-2017,26.3395,
27-04-2017,26.333,
28-04-2017,26.41,
02-05-2017,26.178499,
03-05-2017,26.1105,
04-05-2017,25.804501,
05-05-2017,25.924,
08-05-2017,25.720501,
09-05-2017,25.7055,
10-05-2017,25.6745,
11-05-2017,25.518999,
12-05-2017,25.5555,
15-05-2017,25.585501,
16-05-2017,25.6175,
17-05-2017,25.798,
18-05-2017,26.325001,
19-05-2017,26.227501,
22-05-2017,26.186501,
23-05-2017,26.386,
24-05-2017,26.24,
25-05-2017,26.116501,
26-05-2017,26.3085,
29-05-2017,26.296,
30-05-2017,26.293501,
31-05-2017,26.1845,
01-06-2017,26.2915,
02-06-2017,26.179501,
05-06-2017,26.5355,
06-06-2017,26.672001,
07-06-2017,26.629499,
08-06-2017,26.5595,
09-06-2017,26.356501,
12-06-2017,26.311501,
13-06-2017,26.224501,
14-06-2017,26.2125,
15-06-2017,26.167,
16-06-2017,26.106501,
19-06-2017,26.0165,
20-06-2017,25.981501,
21-06-2017,26.068001,
22-06-2017,26.1045,
23-06-2017,26.122999,
27-06-2017,26.0755,
28-06-2017,25.992001,
29-06-2017,25.836,
30-06-2017,25.768999,
03-07-2017,25.679001,
04-07-2017,25.439501,
05-07-2017,25.414499,
06-07-2017,25.4765,
07-07-2017,25.389,
10-07-2017,25.099001,
11-07-2017,25.155001,
12-07-2017,25.209499,
13-07-2017,25.2215,
14-07-2017,25.18,
17-07-2017,25.372499,
18-07-2017,25.453501,
19-07-2017,25.503,
20-07-2017,25.4725,
21-07-2017,25.612,
24-07-2017,25.7815,
25-07-2017,25.6765,
26-07-2017,25.565001,
27-07-2017,25.773001,
28-07-2017,25.654499,
31-07-2017,25.709999,
01-08-2017,25.657,
02-08-2017,25.609501,
03-08-2017,25.546,
04-08-2017,25.809999,
07-08-2017,25.553499,
08-08-2017,25.5875,
09-08-2017,25.7715,
10-08-2017,25.963499,
11-08-2017,26.219,
14-08-2017,26.033001,
16-08-2017,25.7815,
17-08-2017,26.145,
18-08-2017,26.232,
21-08-2017,26.012501,
22-08-2017,25.965,
23-08-2017,25.992001,
24-08-2017,26.007,
28-08-2017,26.2925,
29-08-2017,26.827499,
30-08-2017,26.625,
31-08-2017,26.525999,
01-09-2017,26.818501,
04-09-2017,27.128,
05-09-2017,27.047501,
06-09-2017,27.2815,
07-09-2017,27.1695,
08-09-2017,27.316,
11-09-2017,27.0865,
12-09-2017,26.9475,
13-09-2017,27.070499,
14-09-2017,26.900499,
15-09-2017,26.9835,
18-09-2017,26.759001,
19-09-2017,26.736,
20-09-2017,26.85,
21-09-2017,26.705,
22-09-2017,26.7215,
25-09-2017,26.759501,
26-09-2017,27.058001,
27-09-2017,26.868999,
28-09-2017,26.7195,
29-09-2017,26.6625,
03-10-2017,26.5835,
04-10-2017,26.532,
05-10-2017,26.476999,
06-10-2017,26.409,
09-10-2017,26.693001,
10-10-2017,26.763,
11-10-2017,26.841499,
12-10-2017,26.9505,
13-10-2017,26.9655,
16-10-2017,26.893499,
17-10-2017,26.790501,
18-10-2017,26.6035,
19-10-2017,26.873501,
23-10-2017,26.554501,
24-10-2017,26.5165,
25-10-2017,26.467501,
26-10-2017,26.431499,
27-10-2017,26.276501,
30-10-2017,26.278999,
31-10-2017,26.3715,
01-11-2017,26.335501,
02-11-2017,26.279499,
03-11-2017,26.271,
06-11-2017,26.150499,
07-11-2017,26.390499,
08-11-2017,26.4165,
09-11-2017,26.437,
10-11-2017,26.529499,
13-11-2017,26.5075,
14-11-2017,26.431499,
15-11-2017,26.576,
16-11-2017,26.4125,
17-11-2017,26.4645,
20-11-2017,26.676001,
21-11-2017,26.445,
22-11-2017,26.459499,
23-11-2017,26.499001,
24-11-2017,26.534,
27-11-2017,26.4935,
28-11-2017,26.4825,
29-11-2017,26.5,
30-11-2017,26.300501,
01-12-2017,26.2465,
04-12-2017,26.1185,
05-12-2017,26.174,
06-12-2017,26.056499,
07-12-2017,25.8895,
08-12-2017,25.632,
11-12-2017,25.6455,
12-12-2017,25.638,
13-12-2017,25.535,
14-12-2017,25.745501,
15-12-2017,25.643999,
18-12-2017,25.6325,
19-12-2017,25.7215,
20-12-2017,25.74,
21-12-2017,25.754499,
22-12-2017,25.7945,
26-12-2017,26.003,
27-12-2017,26.165501,
28-12-2017,26.372499,
29-12-2017,26.268,
01-01-2018,26.436001,
02-01-2018,26.4615,
03-01-2018,26.462999,
04-01-2018,26.396999,
05-01-2018,26.439501,
08-01-2018,26.470501,
09-01-2018,26.539,
10-01-2018,26.519501,
11-01-2018,26.618,
12-01-2018,26.782499,
15-01-2018,26.948999,
16-01-2018,27.0515,
17-01-2018,27.0145,
18-01-2018,26.829,
19-01-2018,26.947001,
22-01-2018,26.900999,
23-01-2018,26.995501,
24-01-2018,27.134001,
25-01-2018,27.333,
29-01-2018,27.1455,
30-01-2018,27.147499,
31-01-2018,27.089001,
01-02-2018,27.1425,
02-02-2018,27.355,
05-02-2018,27.1845,
06-02-2018,27.365499,
07-02-2018,27.1005,
08-02-2018,26.783501,
09-02-2018,26.9415,
12-02-2018,27.0,
14-02-2018,27.131001,
15-02-2018,27.4725,
16-02-2018,27.634001,
19-02-2018,27.568501,
20-02-2018,27.503,
21-02-2018,27.314501,
22-02-2018,27.2925,
23-02-2018,27.315001,
26-02-2018,27.4615,
27-02-2018,27.4335,
28-02-2018,27.3025,
01-03-2018,27.184999,
05-03-2018,27.4,
06-03-2018,27.299,
07-03-2018,27.4405,
08-03-2018,27.3475,
09-03-2018,27.252001,
12-03-2018,27.202499,
13-03-2018,27.156,
14-03-2018,27.259501,
15-03-2018,27.203501,
16-03-2018,27.165001,
19-03-2018,27.0355,
20-03-2018,27.158001,
21-03-2018,27.174,
22-03-2018,27.351,
23-03-2018,27.525,
26-03-2018,27.544001,
27-03-2018,27.5905,
28-03-2018,27.458,
02-04-2018,27.452499,
03-04-2018,27.5145,
04-04-2018,27.722,
05-04-2018,27.331499,
06-04-2018,27.231501,
09-04-2018,27.3755,
10-04-2018,27.528,
11-04-2018,27.765499,
12-04-2018,27.858999,
13-04-2018,27.7005,
16-04-2018,27.977501,
17-04-2018,28.016001,
18-04-2018,28.1705,
19-04-2018,28.106001,
20-04-2018,28.047001,
23-04-2018,28.013,
24-04-2018,27.907,
25-04-2018,28.029499,
26-04-2018,27.9555,
27-04-2018,27.900999,
30-04-2018,27.749001,
02-05-2018,27.7045,
03-05-2018,27.6675,
04-05-2018,27.7495,
07-05-2018,27.912001,
08-05-2018,27.7885,
09-05-2018,27.844999,
10-05-2018,28.136,
11-05-2018,28.1695,
14-05-2018,28.173,
15-05-2018,28.070499,
16-05-2018,27.669001,
17-05-2018,27.561001,
18-05-2018,27.704,
21-05-2018,27.612,
22-05-2018,27.774,
23-05-2018,27.882999,
24-05-2018,27.908001,
25-05-2018,27.809,
28-05-2018,27.621,
29-05-2018,27.9095,
30-05-2018,27.7435,
31-05-2018,27.782,
01-06-2018,27.6455,
04-06-2018,27.5275,
05-06-2018,27.428499,
06-06-2018,27.437,
07-06-2018,27.541,
08-06-2018,27.7195,
11-06-2018,27.57,
12-06-2018,27.5375,
13-06-2018,27.583,
14-06-2018,27.726,
15-06-2018,27.7495,
18-06-2018,27.452,
19-06-2018,27.550501,
20-06-2018,27.4025,
21-06-2018,27.225,
22-06-2018,27.23,
25-06-2018,27.339001,
26-06-2018,27.155001,
27-06-2018,27.314501,
28-06-2018,27.257999,
29-06-2018,27.130501,
02-07-2018,27.144501,
03-07-2018,27.201,
04-07-2018,27.252001,
05-07-2018,27.256001,
06-07-2018,27.3265,
09-07-2018,27.356501,
10-07-2018,27.237,
11-07-2018,27.212,
12-07-2018,26.9575,
13-07-2018,26.863501,
16-07-2018,27.001499,
17-07-2018,26.865999,
18-07-2018,26.568001,
19-07-2018,26.602501,
20-07-2018,26.642,
23-07-2018,26.827999,
24-07-2018,26.731501,
25-07-2018,26.750999,
26-07-2018,26.666,
27-07-2018,26.540501,
30-07-2018,26.6035,
31-07-2018,26.504,
01-08-2018,26.521,
02-08-2018,26.4485,
03-08-2018,26.341,
06-08-2018,26.359501,
07-08-2018,26.384501,
08-08-2018,26.3445,
09-08-2018,26.331499,
10-08-2018,26.372999,
13-08-2018,26.563999,
14-08-2018,26.440001,
16-08-2018,26.289,
17-08-2018,26.2115,
20-08-2018,26.216499,
21-08-2018,26.3825,
23-08-2018,26.351,
24-08-2018,26.42,
27-08-2018,26.688499,
28-08-2018,26.9405,
29-08-2018,26.9035,
30-08-2018,26.983999,
31-08-2018,27.047501,
03-09-2018,26.8825,
04-09-2018,26.934,
05-09-2018,26.988501,
06-09-2018,27.244499,
07-09-2018,27.091499,
10-09-2018,27.183001,
11-09-2018,27.297501,
12-09-2018,27.281,
14-09-2018,27.185499,
17-09-2018,27.3165,
18-09-2018,27.464001,
19-09-2018,27.498501,
21-09-2018,27.398001,
24-09-2018,27.344,
25-09-2018,27.348,
26-09-2018,27.296499,
27-09-2018,27.248501,
28-09-2018,27.028,
01-10-2018,27.167,
03-10-2018,27.9935,
04-10-2018,27.7875,
05-10-2018,27.8815,
08-10-2018,27.736,
09-10-2018,27.661501,
10-10-2018,27.724501,
11-10-2018,27.968,
12-10-2018,28.142,
15-10-2018,28.501499,
16-10-2018,28.2945,
17-10-2018,28.351999,
19-10-2018,28.5655,
22-10-2018,28.358,
23-10-2018,28.491501,
24-10-2018,28.3505,
25-10-2018,28.368999,
26-10-2018,28.502001,
29-10-2018,28.3505,
30-10-2018,28.240999,
31-10-2018,28.370501,
01-11-2018,28.431499,
02-11-2018,28.205,
05-11-2018,28.441,
06-11-2018,28.317499,
07-11-2018,28.302999,
09-11-2018,28.0075,
12-11-2018,27.704,
13-11-2018,27.690001,
14-11-2018,27.700001,
15-11-2018,27.615,
16-11-2018,27.511499,
19-11-2018,27.533001,
20-11-2018,27.531,
21-11-2018,27.5135,
22-11-2018,27.502001,
26-11-2018,27.292999,
27-11-2018,27.247999,
28-11-2018,27.0105,
29-11-2018,27.111,
30-11-2018,26.9855,
03-12-2018,27.2635,
04-12-2018,27.5455,
05-12-2018,27.387501,
06-12-2018,27.632,
07-12-2018,27.526501,
10-12-2018,28.101,
11-12-2018,28.181999,
12-12-2018,28.0455,
13-12-2018,27.933001,
14-12-2018,27.865999,
17-12-2018,27.822001,
18-12-2018,27.716999,
19-12-2018,27.5735,
20-12-2018,27.584499,
21-12-2018,27.7325,
24-12-2018,27.877001,
26-12-2018,27.9855,
27-12-2018,28.0455,
28-12-2018,28.1495,
31-12-2018,28.0205,
01-01-2019,28.177999,
02-01-2019,28.2885,
03-01-2019,28.470501,
04-01-2019,28.298,
07-01-2019,28.224501,
08-01-2019,28.164,
09-01-2019,28.336,
10-01-2019,28.579,
11-01-2019,28.534,
14-01-2019,28.610001,
15-01-2019,28.621,
16-01-2019,28.713499,
17-01-2019,28.813,
18-01-2019,28.648001,
21-01-2019,28.5825,
22-01-2019,28.726999,
23-01-2019,28.731501,
24-01-2019,28.5865,
25-01-2019,28.6695,
28-01-2019,28.9825,
29-01-2019,29.167,
30-01-2019,29.236,
31-01-2019,29.348499,
01-02-2019,29.467501,
04-02-2019,29.4655,
05-02-2019,29.504999,
06-02-2019,29.639999,
07-02-2019,29.294001,
08-02-2019,29.214001,
11-02-2019,29.301001,
12-02-2019,29.2055,
14-02-2019,29.2055,
15-02-2019,29.466999,
18-02-2019,29.695,
19-02-2019,29.7715,
20-02-2019,29.9205,
21-02-2019,29.686001,
22-02-2019,29.504999,
25-02-2019,29.569,
26-02-2019,29.536501,
27-02-2019,29.596001,
28-02-2019,29.502501,
01-03-2019,29.073999,
05-03-2019,28.4755,
06-03-2019,28.521,
07-03-2019,28.324499,
08-03-2019,28.4685,
11-03-2019,28.502001,
12-03-2019,28.3585,
13-03-2019,28.595501,
14-03-2019,28.359501,
15-03-2019,28.349001,
18-03-2019,28.1145,
19-03-2019,28.345501,
20-03-2019,28.132999,
22-03-2019,28.391001,
25-03-2019,28.393499,
26-03-2019,28.346001,
27-03-2019,28.382,
28-03-2019,28.251499,
01-04-2019,28.092501,
02-04-2019,27.996,
03-04-2019,27.882999,
04-04-2019,28.039499,
05-04-2019,28.035,
08-04-2019,28.297501,
09-04-2019,28.254999,
10-04-2019,28.278999,
11-04-2019,28.216499,
12-04-2019,28.174,
15-04-2019,28.019501,
16-04-2019,28.039499,
18-04-2019,27.9305,
22-04-2019,28.0005,
23-04-2019,27.966499,
24-04-2019,27.957001,
25-04-2019,28.1945,
26-04-2019,28.1565,
30-04-2019,28.1525,
02-05-2019,27.811501,
03-05-2019,27.781,
06-05-2019,28.0075,
07-05-2019,28.022499,
08-05-2019,28.063,
09-05-2019,28.115,
10-05-2019,28.109501,
13-05-2019,28.261499,
14-05-2019,28.554001,
15-05-2019,28.570999,
16-05-2019,28.3675,
17-05-2019,28.2645,
20-05-2019,27.895,
21-05-2019,27.9245,
22-05-2019,27.895,
23-05-2019,28.014999,
24-05-2019,27.9925,
27-05-2019,28.096001,
28-05-2019,28.101,
29-05-2019,28.202,
30-05-2019,28.040001,
31-05-2019,28.382,
03-06-2019,28.5345,
04-06-2019,28.644501,
06-06-2019,28.9515,
07-06-2019,28.9065,
10-06-2019,28.7955,
11-06-2019,28.6005,
12-06-2019,28.783001,
13-06-2019,28.826,
14-06-2019,29.242001,
17-06-2019,28.9375,
18-06-2019,29.047501,
19-06-2019,29.017,
20-06-2019,29.759001,
21-06-2019,29.764999,
24-06-2019,30.007,
25-06-2019,30.417,
26-06-2019,29.8475,
27-06-2019,29.783501,
28-06-2019,29.9795,
01-07-2019,29.586,
02-07-2019,29.628,
03-07-2019,30.150499,
04-07-2019,29.945,
05-07-2019,30.246,
08-07-2019,30.293501,
09-07-2019,30.021999,
10-07-2019,30.162001,
11-07-2019,30.5875,
12-07-2019,30.327999,
15-07-2019,30.514999,
16-07-2019,30.546499,
17-07-2019,30.4865,
18-07-2019,30.9625,
19-07-2019,31.1835,
22-07-2019,30.8645,
23-07-2019,30.783501,
24-07-2019,30.826,
25-07-2019,30.835501,
26-07-2019,30.6845,
29-07-2019,30.669001,
30-07-2019,30.789499,
31-07-2019,30.6565,
01-08-2019,30.4555,
02-08-2019,31.27,
05-08-2019,31.971001,
06-08-2019,32.171001,
07-08-2019,32.651001,
08-08-2019,32.6045,
09-08-2019,32.725498,
13-08-2019,33.3055,
14-08-2019,32.777,
16-08-2019,32.903,
19-08-2019,32.943001,
20-08-2019,33.185501,
21-08-2019,32.949501,
22-08-2019,33.199501,
23-08-2019,33.091499,
26-08-2019,33.960499,
27-08-2019,33.949001,
28-08-2019,34.211498,
29-08-2019,34.2225,
30-08-2019,33.7995,
03-09-2019,34.452,
04-09-2019,34.5765,
05-09-2019,34.514,
06-09-2019,33.524502,
09-09-2019,33.687,
11-09-2019,33.331501,
12-09-2019,33.147999,
13-09-2019,33.123501,
16-09-2019,33.25,
17-09-2019,33.363998,
18-09-2019,33.119499,
19-09-2019,32.798,
20-09-2019,32.818001,
23-09-2019,33.0825,
24-09-2019,33.086498,
25-09-2019,33.345001,
26-09-2019,32.9865,
27-09-2019,33.0215,
30-09-2019,32.9725,
01-10-2019,32.640499,
03-10-2019,33.354,
04-10-2019,33.640499,
07-10-2019,33.6035,
09-10-2019,33.7225,
10-10-2019,33.827999,
11-10-2019,33.661499,
14-10-2019,33.746498,
15-10-2019,33.924999,
16-10-2019,33.734501,
17-10-2019,33.787498,
18-10-2019,33.763,
22-10-2019,33.665001,
23-10-2019,33.792999,
24-10-2019,33.7015,
25-10-2019,34.281502,
27-10-2019,34.133999,
29-10-2019,33.710499,
30-10-2019,33.66,
31-10-2019,34.065498,
01-11-2019,34.18,
04-11-2019,34.187,
05-11-2019,34.091499,
06-11-2019,33.862,
07-11-2019,33.786999,
08-11-2019,33.504501,
11-11-2019,33.553001,
13-11-2019,33.8255,
14-11-2019,33.841499,
15-11-2019,33.538502,
18-11-2019,33.43,
19-11-2019,33.7085,
20-11-2019,33.853001,
21-11-2019,33.702999,
22-11-2019,33.707001,
25-11-2019,33.3885,
26-11-2019,33.321499,
27-11-2019,33.286999,
28-11-2019,33.336498,
29-11-2019,33.413502,
02-12-2019,33.408501,
03-12-2019,33.484501,
04-12-2019,33.7565,
05-12-2019,33.665501,
06-12-2019,33.622002,
09-12-2019,33.2355,
10-12-2019,33.206501,
11-12-2019,33.271999,
12-12-2019,33.287498,
13-12-2019,33.220501,
16-12-2019,33.443001,
17-12-2019,33.502998,
18-12-2019,33.596001,
19-12-2019,0.3355,
20-12-2019,0.3365,
23-12-2019,33.650002,
24-12-2019,33.75,
26-12-2019,34.0,
27-12-2019,34.150002,
30-12-2019,34.299999,
31-12-2019,34.450001,
01-01-2020,34.349998,
02-01-2020,34.349998,
03-01-2020,35.400002,
06-01-2020,36.150002,
07-01-2020,35.5,
08-01-2020,36.099998,
09-01-2020,35.049999,
10-01-2020,34.950001,
13-01-2020,34.75,
14-01-2020,34.75,
15-01-2020,35.049999,
16-01-2020,35.0,
17-01-2020,34.950001,
20-01-2020,35.23,
21-01-2020,35.130001,
22-01-2020,35.290001,
23-01-2020,35.209999,
24-01-2020,35.400002,
27-01-2020,35.849998,
28-01-2020,35.720001,
29-01-2020,35.610001,
30-01-2020,35.93,
31-01-2020,35.869999,
03-02-2020,35.91,
04-02-2020,35.580002,
05-02-2020,35.310001,
06-02-2020,35.580002,
07-02-2020,35.700001,
10-02-2020,35.950001,
11-02-2020,35.82,
12-02-2020,35.759998,
13-02-2020,35.950001,
14-02-2020,35.849998,
17-02-2020,35.93,
18-02-2020,36.139999,
19-02-2020,36.709999,
20-02-2020,36.82,
24-02-2020,38.580002,
25-02-2020,37.439999,
26-02-2020,37.52,
27-02-2020,37.380001,
28-02-2020,37.369999,
02-03-2020,37.029999,
03-03-2020,37.119999,
04-03-2020,38.099998,
05-03-2020,38.040001,
06-03-2020,39.049999,
09-03-2020,38.459999,
11-03-2020,38.18,
12-03-2020,37.959999,
13-03-2020,36.619999,
16-03-2020,35.669998,
17-03-2020,34.830002,
18-03-2020,35.439999,
19-03-2020,35.209999,
20-03-2020,36.110001,
23-03-2020,35.02,
24-03-2020,36.389999,
25-03-2020,36.990002,
26-03-2020,36.720001,
27-03-2020,38.169998,
30-03-2020,39.740002,
31-03-2020,38.209999,
01-04-2020,38.240002,
03-04-2020,38.790001,
07-04-2020,39.669998,
08-04-2020,39.790001,
09-04-2020,40.790001,
13-04-2020,42.490002,
15-04-2020,42.669998,
16-04-2020,43.259998,
17-04-2020,42.470001,
20-04-2020,41.549999,
21-04-2020,42.049999,
22-04-2020,42.610001,
23-04-2020,42.610001,
24-04-2020,42.689999,
27-04-2020,42.560001,
28-04-2020,42.68,
29-04-2020,42.369999,
30-04-2020,42.57,
04-05-2020,42.73,
05-05-2020,41.540001,
06-05-2020,41.360001,
07-05-2020,41.060001,
08-05-2020,41.509998,
11-05-2020,41.169998,
12-05-2020,41.240002,
13-05-2020,40.970001,
14-05-2020,41.490002,
15-05-2020,41.799999,
18-05-2020,42.540001,
19-05-2020,41.369999,
20-05-2020,41.880001,
21-05-2020,41.43,
22-05-2020,41.650002,
26-05-2020,41.200001,
27-05-2020,40.650002,
28-05-2020,41.189999,
29-05-2020,40.990002,
01-06-2020,41.209999,
02-06-2020,41.18,
03-06-2020,40.880001,
04-06-2020,40.810001,
05-06-2020,41.189999,
08-06-2020,40.650002,
09-06-2020,41.0,
10-06-2020,41.209999,
11-06-2020,41.73,
12-06-2020,41.799999,
15-06-2020,41.41,
16-06-2020,41.849998,
17-06-2020,41.650002,
18-06-2020,41.84,
19-06-2020,41.740002,
22-06-2020,42.290001,
23-06-2020,42.220001,
24-06-2020,42.700001,
25-06-2020,42.310001,
26-06-2020,42.330002,
29-06-2020,42.490002,
30-06-2020,42.610001,
01-07-2020,43.0,
02-07-2020,42.240002,
03-07-2020,42.200001,
06-07-2020,42.27,
07-07-2020,42.419998,
08-07-2020,43.009998,
09-07-2020,43.330002,
10-07-2020,43.200001,
13-07-2020,43.259998,
14-07-2020,43.119999,
15-07-2020,43.220001,
16-07-2020,43.119999,
17-07-2020,42.880001,
20-07-2020,43.07,
21-07-2020,43.259998,
22-07-2020,43.880001,
23-07-2020,44.5,
24-07-2020,44.919998,
27-07-2020,46.450001,
28-07-2020,46.009998,
29-07-2020,46.52,
30-07-2020,46.549999,
31-07-2020,47.139999,
03-08-2020,47.290001,
04-08-2020,47.259998,
05-08-2020,48.509998,
06-08-2020,48.900002,
07-08-2020,49.169998,
10-08-2020,48.400002,
11-08-2020,47.299999,
12-08-2020,45.68,
13-08-2020,45.990002,
14-08-2020,46.32,
17-08-2020,46.150002,
18-08-2020,47.310001,
19-08-2020,46.880001,
20-08-2020,45.68,
21-08-2020,45.720001,
24-08-2020,45.5,
25-08-2020,44.93,
26-08-2020,44.799999,
27-08-2020,45.049999,
28-08-2020,45.099998,
31-08-2020,45.34,
01-09-2020,45.459999,
02-09-2020,45.0,
03-09-2020,44.439999,
04-09-2020,44.720001,
07-09-2020,44.75,
08-09-2020,44.82,
09-09-2020,44.939999,
10-09-2020,45.220001,
11-09-2020,45.169998,
14-09-2020,45.029999,
15-09-2020,45.560001,
16-09-2020,45.380001,
17-09-2020,44.98,
18-09-2020,45.32,
21-09-2020,45.0,
22-09-2020,44.259998,
23-09-2020,43.98,
24-09-2020,43.360001,
25-09-2020,43.619999,
28-09-2020,43.310001,
29-09-2020,44.150002,
30-09-2020,44.18,
01-10-2020,44.099998,
05-10-2020,44.18,
06-10-2020,44.610001,
07-10-2020,43.950001,
08-10-2020,44.0,
09-10-2020,44.400002,
12-10-2020,44.790001,
13-10-2020,44.720001,
14-10-2020,44.150002,
15-10-2020,44.299999,
16-10-2020,44.490002,
19-10-2020,44.52,
20-10-2020,44.439999,
21-10-2020,44.790001,
22-10-2020,44.790001,
23-10-2020,44.650002,
26-10-2020,44.549999,
27-10-2020,44.52,
28-10-2020,44.610001,
29-10-2020,44.349998,
30-10-2020,44.32,
02-11-2020,44.619999,
03-11-2020,44.799999,
04-11-2020,44.84,
05-11-2020,44.919998,
06-11-2020,45.610001,
09-11-2020,45.830002,
10-11-2020,43.98,
11-11-2020,44.200001,
12-11-2020,44.259998,
13-11-2020,44.34,
14-11-2020,44.709999,
17-11-2020,44.509998,
18-11-2020,44.18,
19-11-2020,43.830002,
20-11-2020,43.810001,
23-11-2020,43.880001,
24-11-2020,42.779999,
25-11-2020,42.68,
26-11-2020,42.939999,
27-11-2020,42.84,
01-12-2020,42.290001,
02-12-2020,42.830002,
03-12-2020,43.07,
04-12-2020,43.060001,
07-12-2020,42.759998,
08-12-2020,43.34,
09-12-2020,43.18,
10-12-2020,42.650002,
11-12-2020,42.709999,
14-12-2020,42.560001,
15-12-2020,42.82,
16-12-2020,43.330002,
17-12-2020,43.669998,
18-12-2020,43.73,
21-12-2020,44.16,
22-12-2020,43.700001,
23-12-2020,43.580002,
24-12-2020,43.73,
28-12-2020,43.849998,
29-12-2020,43.68,
30-12-2020,43.580002,
31-12-2020,43.75,
01-01-2021,43.810001,
04-01-2021,44.52,
05-01-2021,44.970001,
06-01-2021,45.16,
07-01-2021,44.41,
08-01-2021,43.830002,
11-01-2021,43.029999,
12-01-2021,43.23,
13-01-2021,43.07,
14-01-2021,42.700001,
15-01-2021,43.029999,
18-01-2021,42.540001,
19-01-2021,42.790001,
20-01-2021,42.990002,
21-01-2021,43.220001,
22-01-2021,43.040001,
25-01-2021,42.790001,
27-01-2021,42.560001,
28-01-2021,42.540001,
29-01-2021,42.650002,
01-02-2021,42.34,
02-02-2021,41.919998,
03-02-2021,41.689999,
04-02-2021,41.330002,
05-02-2021,41.130001,
08-02-2021,41.279999,
09-02-2021,41.849998,
10-02-2021,41.759998,
11-02-2021,41.759998,
12-02-2021,41.200001,
15-02-2021,41.189999,
16-02-2021,41.349998,
17-02-2021,40.52,
18-02-2021,40.470001,
19-02-2021,40.099998,
22-02-2021,40.43,
23-02-2021,40.669998,
24-02-2021,40.619999,
25-02-2021,40.330002,
26-02-2021,40.25,
01-03-2021,39.959999,
02-03-2021,39.52,
03-03-2021,39.330002,
04-03-2021,38.93,
05-03-2021,38.669998,
08-03-2021,38.700001,
09-03-2021,38.849998,
10-03-2021,38.950001,
12-03-2021,38.630001,
15-03-2021,39.060001,
16-03-2021,39.029999,
17-03-2021,39.139999,
18-03-2021,39.169998,
19-03-2021,39.23,
22-03-2021,38.849998,
23-03-2021,38.919998,
24-03-2021,38.880001,
25-03-2021,38.889999,
26-03-2021,38.790001,
30-03-2021,38.380001,
31-03-2021,38.169998,
01-04-2021,39.099998,
05-04-2021,39.330002,
06-04-2021,39.490002,
07-04-2021,40.110001,
08-04-2021,40.279999,
09-04-2021,40.450001,
12-04-2021,40.490002,
13-04-2021,40.509998,
15-04-2021,40.720001,
16-04-2021,40.830002,
19-04-2021,41.529999,
20-04-2021,41.099998,
22-04-2021,41.48,
23-04-2021,41.52,
26-04-2021,41.23,
27-04-2021,41.080002,
28-04-2021,40.639999,
29-04-2021,40.720001,
30-04-2021,40.59,
03-05-2021,40.689999,
04-05-2021,40.75,
05-05-2021,40.529999,
06-05-2021,40.82,
07-05-2021,41.240002,
10-05-2021,41.459999,
11-05-2021,41.400002,
12-05-2021,41.389999,
14-05-2021,41.490002,
17-05-2021,41.830002,
18-05-2021,42.09,
19-05-2021,41.939999,
20-05-2021,42.130001,
21-05-2021,42.169998,
24-05-2021,42.200001,
25-05-2021,42.119999,
26-05-2021,42.639999,
27-05-2021,42.389999,
28-05-2021,42.220001,
31-05-2021,42.59,
01-06-2021,42.830002,
02-06-2021,42.57,
03-06-2021,42.509998,
04-06-2021,42.119999,
07-06-2021,42.279999,
08-06-2021,42.41,
09-06-2021,42.5,
10-06-2021,42.349998,
11-06-2021,42.630001,
14-06-2021,42.029999,
15-06-2021,42.049999,
16-06-2021,42.09,
17-06-2021,41.349998,
18-06-2021,40.959999,
21-06-2021,40.950001,
22-06-2021,40.93,
23-06-2021,41.0,
24-06-2021,40.900002,
25-06-2021,40.950001,
28-06-2021,40.82,
29-06-2021,40.73,
30-06-2021,40.52,
01-07-2021,40.91,
02-07-2021,41.150002,
05-07-2021,41.200001,
06-07-2021,41.610001,
07-07-2021,41.720001,
08-07-2021,41.740002,
09-07-2021,41.580002,
12-07-2021,41.5,
13-07-2021,41.52,
14-07-2021,41.639999,
15-07-2021,41.98,
16-07-2021,41.849998,
19-07-2021,41.619999,
20-07-2021,41.689999,
22-07-2021,41.299999,
23-07-2021,41.360001,
26-07-2021,41.400002,
27-07-2021,41.349998,
28-07-2021,41.369999,
29-07-2021,41.68,
30-07-2021,41.919998,
02-08-2021,41.529999,
03-08-2021,41.48,
04-08-2021,41.529999,
05-08-2021,41.560001,
06-08-2021,41.299999,
09-08-2021,40.360001,
10-08-2021,40.220001,
11-08-2021,40.259998,
12-08-2021,40.560001,
13-08-2021,40.5,
16-08-2021,40.779999,
17-08-2021,41.18,
18-08-2021,41.029999,
20-08-2021,40.970001,
23-08-2021,41.009998,
24-08-2021,41.18,
25-08-2021,41.040001,
26-08-2021,40.799999,
27-08-2021,40.860001,
30-08-2021,41.009998,
31-08-2021,40.830002,
01-09-2021,40.830002,
02-09-2021,40.919998,
03-09-2021,40.919998,
06-09-2021,41.209999,
07-09-2021,41.060001,
08-09-2021,40.880001,
09-09-2021,40.790001,
13-09-2021,40.720001,
14-09-2021,40.73,
15-09-2021,40.959999,
16-09-2021,40.52,
17-09-2021,40.200001,
20-09-2021,40.169998,
21-09-2021,40.23,
22-09-2021,40.599998,
23-09-2021,40.34,
24-09-2021,40.049999,
27-09-2021,40.009998,
28-09-2021,39.939999,
29-09-2021,40.02,
30-09-2021,39.720001,
01-10-2021,40.209999,
04-10-2021,40.240002,
05-10-2021,40.349998,
06-10-2021,40.450001,
07-10-2021,40.549999,
08-10-2021,40.540001,
11-10-2021,40.700001,
12-10-2021,40.84,
13-10-2021,40.919998,
14-10-2021,41.52,
18-10-2021,40.98,
19-10-2021,41.200001,
20-10-2021,41.060001,
21-10-2021,41.169998,
22-10-2021,41.290001,
25-10-2021,41.580002,
26-10-2021,41.66,
27-10-2021,41.330002,
28-10-2021,41.57,
29-10-2021,41.5,
01-11-2021,41.279999,
02-11-2021,41.450001,
03-11-2021,41.099998,
04-11-2021,41.360001,
08-11-2021,41.5,
09-11-2021,41.669998,
10-11-2021,41.790001,
11-11-2021,42.700001,
12-11-2021,42.450001,
15-11-2021,42.650002,
16-11-2021,42.799999,
17-11-2021,42.540001,
18-11-2021,42.610001,
22-11-2021,42.23,
23-11-2021,41.34,
24-11-2021,41.200001,
25-11-2021,41.299999,
26-11-2021,41.77,
29-11-2021,41.619999,
30-11-2021,41.509998,
01-12-2021,41.209999,
02-12-2021,40.98,
03-12-2021,40.919998,
06-12-2021,41.299999,
07-12-2021,41.220001,
08-12-2021,41.470001,
09-12-2021,41.349998,
10-12-2021,41.27,
13-12-2021,41.549999,
14-12-2021,41.549999,
15-12-2021,41.470001,
16-12-2021,41.720001,
17-12-2021,42.139999,
20-12-2021,41.860001,
21-12-2021,41.689999,
22-12-2021,41.52,
23-12-2021,41.689999,
24-12-2021,41.709999,
27-12-2021,41.59,
28-12-2021,41.610001,
29-12-2021,41.5,
30-12-2021,41.220001,
31-12-2021,41.48,
03-01-2022,41.73,
04-01-2022,41.459999,
05-01-2022,41.560001,
06-01-2022,41.240002,
07-01-2022,41.09,
10-01-2022,41.07,
11-01-2022,41.209999,
12-01-2022,41.330002,
13-01-2022,41.419998,
14-01-2022,41.529999,
17-01-2022,41.529999,
18-01-2022,41.52,
19-01-2022,41.599998,
20-01-2022,42.049999,
21-01-2022,41.84,
24-01-2022,42.040001,
25-01-2022,42.060001,
27-01-2022,41.82,
28-01-2022,41.43,
31-01-2022,41.25,
01-02-2022,41.549999,
02-02-2022,41.509998,
03-02-2022,41.560001,
04-02-2022,41.599998,60.959599
07-02-2022,41.630001,61.77
08-02-2022,41.82,62.279999
09-02-2022,41.990002,62.77
10-02-2022,42.169998,62.799999
11-02-2022,42.189999,62.360001
14-02-2022,42.959999,64.089996
15-02-2022,42.720001,63.189999
16-02-2022,42.639999,63.240002
17-02-2022,43.389999,63.869999
18-02-2022,43.18,63.790001
21-02-2022,43.099998,63.419998
22-02-2022,43.380001,64.290001
23-02-2022,43.09,64.080002
24-02-2022,44.619999,66.980003
25-02-2022,43.619999,64.68
28-02-2022,43.59,64.849998
02-03-2022,44.389999,67.089996
03-03-2022,44.400002,67.480003
04-03-2022,44.650002,67.519997
07-03-2022,46.0,70.370003
08-03-2022,45.93,70.559998
09-03-2022,45.66,70.650002
10-03-2022,44.799999,68.5
11-03-2022,45.279999,69.470001
14-03-2022,44.639999,68.489998
15-03-2022,44.330002,66.959999
16-03-2022,44.23,67.139999
17-03-2022,44.23,67.550003
21-03-2022,44.139999,67.349998
22-03-2022,44.32,67.470001
23-03-2022,44.419998,67.339996
24-03-2022,44.580002,67.519997
25-03-2022,44.790001,68.599998
28-03-2022,44.490002,67.349998
29-03-2022,44.18,66.389999
30-03-2022,44.110001,66.650002
31-03-2022,44.119999,66.300003
01-04-2022,44.57,66.720001
04-04-2022,44.220001,66.540001
05-04-2022,44.310001,66.150002
06-04-2022,44.490002,65.980003
07-04-2022,44.639999,66.040001
08-04-2022,44.66,66.480003
11-04-2022,45.220001,67.349998
12-04-2022,45.200001,67.400002
13-04-2022,45.73,69.0
18-04-2022,46.189999,69.620003
19-04-2022,45.98,69.599998
20-04-2022,45.220001,68.059998
21-04-2022,45.209999,67.459999
22-04-2022,45.330002,66.330002
25-04-2022,44.900002,65.309998
26-04-2022,44.639999,65.419998
27-04-2022,44.43,64.980003
28-04-2022,44.330002,64.25
29-04-2022,44.790001,64.57
02-05-2022,44.16,62.830002
04-05-2022,43.98,62.630001
05-05-2022,44.540001,63.349998
06-05-2022,44.549999,62.490002
09-05-2022,44.419998,61.98
10-05-2022,44.259998,61.639999
11-05-2022,44.060001,61.360001
12-05-2022,44.02,59.990002
13-05-2022,43.419998,59.139999
16-05-2022,43.139999,59.98
17-05-2022,43.540001,61.380001
18-05-2022,43.389999,61.18
19-05-2022,43.59,60.580002
20-05-2022,43.919998,61.900002
23-05-2022,44.25,62.02
24-05-2022,44.07,61.360001
25-05-2022,44.119999,61.439999
26-05-2022,43.869999,61.119999
27-05-2022,44.080002,62.209999
30-05-2022,43.98,61.790001
31-05-2022,43.950001,61.330002
01-06-2022,43.52,60.419998
02-06-2022,43.98,61.610001
03-06-2022,44.150002,62.130001
06-06-2022,44.0,62.18
07-06-2022,43.860001,61.599998
08-06-2022,43.880001,61.709999
09-06-2022,43.950001,61.560001
10-06-2022,43.810001,60.57
13-06-2022,44.189999,60.689999
14-06-2022,43.57,59.77
15-06-2022,43.610001,60.459999
16-06-2022,43.720001,60.709999
17-06-2022,44.080002,61.32
20-06-2022,43.82,60.849998
21-06-2022,43.779999,60.91
22-06-2022,43.68,60.290001
23-06-2022,43.759998,60.049999
24-06-2022,43.66,59.330002
27-06-2022,43.869999,60.580002
28-06-2022,43.799999,60.360001
29-06-2022,43.759998,59.299999
30-06-2022,43.759998,58.970001
01-07-2022,44.360001,57.970001
04-07-2022,44.68,58.009998
05-07-2022,44.799999,58.259998
06-07-2022,44.169998,57.349998
07-07-2022,43.59,57.27
08-07-2022,43.57,56.689999
11-07-2022,43.560001,56.799999
12-07-2022,43.619999,56.18
13-07-2022,43.439999,56.279999
14-07-2022,43.299999,56.02
15-07-2022,43.110001,54.68
18-07-2022,43.549999,55.91
19-07-2022,43.389999,55.580002
20-07-2022,43.389999,55.610001
21-07-2022,43.029999,54.389999
22-07-2022,43.689999,55.169998
25-07-2022,43.599998,54.849998
26-07-2022,43.459999,54.290001
27-07-2022,43.57,54.650002
28-07-2022,44.02,56.049999
29-07-2022,44.060001,57.400002
01-08-2022,44.220001,57.950001
02-08-2022,44.18,57.490002
03-08-2022,44.189999,56.889999
04-08-2022,44.66,57.830002
05-08-2022,44.720001,57.369999
08-08-2022,44.619999,57.689999
10-08-2022,44.869999,58.360001
11-08-2022,44.91,58.48
12-08-2022,45.0,58.119999
16-08-2022,44.650002,57.669998
17-08-2022,44.599998,57.360001
18-08-2022,44.549999,56.91
19-08-2022,44.419998,55.669998
22-08-2022,43.990002,54.91
23-08-2022,44.150002,55.119999
24-08-2022,44.330002,55.299999
25-08-2022,44.639999,55.830002
26-08-2022,44.299999,55.560001
29-08-2022,43.849998,54.369999
30-08-2022,43.900002,54.360001
01-09-2022,43.349998,52.27
02-09-2022,43.369999,52.740002
05-09-2022,43.540001,53.419998
06-09-2022,43.5,53.66
07-09-2022,43.41,53.259998
08-09-2022,43.599998,54.0
09-09-2022,43.66,54.549999
12-09-2022,43.599998,55.529999
13-09-2022,43.5,56.740002
14-09-2022,43.18,56.189999
15-09-2022,43.049999,56.220001
16-09-2022,42.259998,54.98
19-09-2022,42.34,55.91
20-09-2022,42.490002,55.98
21-09-2022,42.700001,56.389999
22-09-2022,42.990002,57.139999
23-09-2022,42.82,56.540001
26-09-2022,42.639999,55.259998
27-09-2022,42.419998,55.040001
28-09-2022,42.299999,54.02
29-09-2022,42.900002,55.43
30-09-2022,43.16,56.119999
03-10-2022,43.139999,56.880001
04-10-2022,44.049999,60.220001
06-10-2022,44.279999,59.830002
07-10-2022,44.490002,60.490002
10-10-2022,43.73,58.25
11-10-2022,43.419998,57.220001
12-10-2022,43.59,57.150002
13-10-2022,43.689999,56.880001
14-10-2022,43.259998,55.82
17-10-2022,43.240002,55.52
18-10-2022,43.119999,55.860001
19-10-2022,43.189999,55.709999
20-10-2022,43.040001,55.810001
21-10-2022,42.73,55.349998
24-10-2022,43.48,56.93
25-10-2022,43.169998,56.52
27-10-2022,43.459999,57.369999
28-10-2022,43.279999,57.209999
31-10-2022,43.23,57.110001
01-11-2022,43.310001,58.419998
02-11-2022,43.5,58.369999
03-11-2022,43.0,56.98
04-11-2022,43.290001,58.32
07-11-2022,43.740002,59.970001
09-11-2022,43.970001,60.73
10-11-2022,44.18,60.560001
11-11-2022,44.759998,61.580002
14-11-2022,44.82,61.150002
15-11-2022,45.150002,61.779999
16-11-2022,45.349998,61.560001
17-11-2022,45.169998,60.580002
18-11-2022,45.259998,60.82
21-11-2022,44.799999,59.93
22-11-2022,44.900002,60.810001
23-11-2022,44.77,60.77
24-11-2022,45.040001,61.459999
25-11-2022,44.98,61.09
28-11-2022,45.119999,61.439999
29-11-2022,45.099998,61.209999
30-11-2022,45.099998,61.32
01-12-2022,45.369999,62.529999
02-12-2022,45.880001,63.759998
05-12-2022,46.09,65.110001
06-12-2022,45.82,64.120003
07-12-2022,45.84,63.830002
08-12-2022,46.060001,64.559998
09-12-2022,46.110001,65.279999
12-12-2022,46.189999,66.110001
13-12-2022,46.16,66.089996
14-12-2022,46.540001,66.68
15-12-2022,46.029999,65.57
16-12-2022,46.099998,64.910004
19-12-2022,46.419998,66.120003
20-12-2022,46.75,67.010002
21-12-2022,46.860001,67.389999
22-12-2022,46.869999,66.919998
23-12-2022,46.689999,66.760002
26-12-2022,46.689999,66.720001
27-12-2022,46.869999,67.970001
28-12-2022,46.549999,66.959999
29-12-2022,46.610001,66.959999
30-12-2022,46.790001,67.230003
02-01-2023,47.169998,67.669998
03-01-2023,47.630001,68.669998
04-01-2023,48.07,68.730003
05-01-2023,47.779999,66.919998
06-01-2023,47.5,66.879997
09-01-2023,48.110001,67.949997
10-01-2023,47.959999,67.080002
11-01-2023,48.02,67.540001
12-01-2023,47.950001,67.150002
13-01-2023,48.23,67.18
16-01-2023,48.700001,68.260002
17-01-2023,48.5,68.050003
18-01-2023,48.459999,68.199997
19-01-2023,48.5,66.739998
20-01-2023,48.759998,67.589996
23-01-2023,48.77,67.519997
24-01-2023,48.91,67.309998
25-01-2023,48.759998,67.25
27-01-2023,48.779999,67.470001
30-01-2023,48.77,67.449997
31-01-2023,48.669998,66.980003
01-02-2023,49.41,68.709999
02-02-2023,50.470001,70.599998
03-02-2023,49.419998,68.879997
06-02-2023,49.040001,66.919998
07-02-2023,49.07,66.809998
08-02-2023,49.200001,66.839996
09-02-2023,49.110001,66.739998
10-02-2023,48.66,66.040001
13-02-2023,48.669998,65.620003
14-02-2023,48.790001,65.559998
15-02-2023,48.16,64.800003
16-02-2023,48.18,64.980003
17-02-2023,47.950001,64.110001
20-02-2023,48.380001,65.330002
21-02-2023,48.259998,65.120003
22-02-2023,48.16,65.220001
23-02-2023,47.860001,64.529999
24-02-2023,47.779999,63.900002
27-02-2023,47.439999,62.91
28-02-2023,47.41,62.48
01-03-2023,47.77,63.759998
02-03-2023,47.810001,63.209999
03-03-2023,47.82,63.540001
06-03-2023,47.830002,63.720001
08-03-2023,47.119999,61.299999
09-03-2023,47.07,60.939999
10-03-2023,47.43,61.259998
13-03-2023,48.82,63.099998
14-03-2023,49.130001,64.910004
15-03-2023,48.93,65.400002
16-03-2023,49.700001,66.239998
17-03-2023,49.75,65.889999
20-03-2023,50.91,67.589996
21-03-2023,50.48,67.360001
22-03-2023,50.040001,67.43
23-03-2023,50.360001,68.260002
24-03-2023,50.900002,68.980003
27-03-2023,50.400002,68.419998
28-03-2023,50.41,68.309998
29-03-2023,50.689999,69.199997
31-03-2023,51.07,70.669998
03-04-2023,50.799999,70.389999
05-04-2023,51.860001,72.949997
06-04-2023,51.810001,73.220001
10-04-2023,51.380001,73.239998
11-04-2023,51.549999,73.57
12-04-2023,51.720001,73.849998
13-04-2023,51.939999,74.860001
17-04-2023,51.700001,74.620003
18-04-2023,51.52,73.68
19-04-2023,51.119999,73.0
20-04-2023,51.639999,74.57
21-04-2023,51.290001,73.940002
24-04-2023,51.259998,73.669998
25-04-2023,51.32,73.730003
26-04-2023,51.48,73.510002
27-04-2023,51.470001,73.449997
28-04-2023,51.25,73.080002
02-05-2023,51.310001,72.989998
03-05-2023,52.060001,74.410004
04-05-2023,52.509998,75.150002
05-05-2023,52.5,75.93
08-05-2023,52.169998,75.25
09-05-2023,52.369999,75.230003
10-05-2023,52.43,75.419998
11-05-2023,52.369999,73.889999
12-05-2023,51.91,71.089996
15-05-2023,52.279999,71.830002
16-05-2023,52.049999,71.25
17-05-2023,51.619999,70.949997
18-05-2023,51.59,70.669998
19-05-2023,51.439999,71.209999
22-05-2023,51.98,71.68
23-05-2023,51.43,69.919998
24-05-2023,51.75,70.419998
25-05-2023,51.450001,69.720001
26-05-2023,51.330002,69.75
29-05-2023,51.18,70.199997
30-05-2023,51.139999,69.959999
31-05-2023,51.130001,70.18
01-06-2023,50.990002,70.300003
02-06-2023,51.32,71.480003
05-06-2023,50.720001,70.629997
06-06-2023,51.07,70.730003
07-06-2023,50.990002,70.709999
08-06-2023,50.700001,71.059998
09-06-2023,50.959999,72.660004
12-06-2023,50.93,72.349998
13-06-2023,50.889999,72.269997
14-06-2023,50.560001,71.480003
15-06-2023,50.16,70.120003
16-06-2023,50.66,71.489998
19-06-2023,50.529999,71.739998
20-06-2023,50.490002,71.449997
21-06-2023,50.09,69.360001
22-06-2023,49.860001,68.089996
23-06-2023,49.75,67.410004
26-06-2023,49.990002,68.480003
27-06-2023,49.799999,68.800003
28-06-2023,49.549999,68.379997
30-06-2023,49.310001,67.57
03-07-2023,49.560001,68.5
04-07-2023,49.880001,69.019997
05-07-2023,49.98,68.919998
06-07-2023,49.900002,69.739998
07-07-2023,50.02,68.940002
10-07-2023,50.029999,69.650002
11-07-2023,50.16,70.0
12-07-2023,50.099998,69.889999
13-07-2023,50.52,72.150002
14-07-2023,50.59,73.610001
17-07-2023,50.490002,73.809998
18-07-2023,50.66,74.050003
19-07-2023,51.02,74.419998
20-07-2023,51.080002,74.760002
21-07-2023,50.650002,73.449997
24-07-2023,50.650002,73.230003
25-07-2023,50.580002,73.169998
26-07-2023,50.84,73.580002
27-07-2023,50.93,74.150002
28-07-2023,50.669998,72.400002
31-07-2023,50.66,72.68
01-08-2023,50.689999,73.370003
02-08-2023,50.68,72.970001
03-08-2023,50.540001,71.139999
04-08-2023,50.5,71.139999
07-08-2023,50.490002,71.040001
08-08-2023,50.560001,70.32
09-08-2023,50.369999,69.410004
10-08-2023,50.23,69.480003
11-08-2023,50.130001,69.25
14-08-2023,50.09,69.32
16-08-2023,50.110001,69.68
17-08-2023,49.82,69.169998
18-08-2023,49.75,69.629997
21-08-2023,49.68,69.730003
22-08-2023,49.900002,70.949997
23-08-2023,49.810001,71.620003
24-08-2023,50.029999,72.540001
25-08-2023,49.939999,72.550003
28-08-2023,49.799999,72.480003
29-08-2023,49.98,72.690002
30-08-2023,50.34,73.480003
31-08-2023,50.349998,73.290001
01-09-2023,50.369999,73.550003
04-09-2023,50.439999,72.43
05-09-2023,50.349998,71.230003
06-09-2023,50.310001,71.120003
07-09-2023,50.169998,70.400002
08-09-2023,50.209999,70.169998
11-09-2023,50.16,70.610001
12-09-2023,50.02,70.290001
13-09-2023,49.880001,70.050003
14-09-2023,49.880001,69.260002
15-09-2023,50.119999,70.730003
18-09-2023,50.439999,71.080002
20-09-2023,50.380001,71.080002
21-09-2023,50.27,70.93
22-09-2023,50.220001,71.830002
25-09-2023,50.220001,71.709999
26-09-2023,50.02,70.529999
27-09-2023,49.700001,69.970001
28-09-2023,49.369999,69.550003
29-09-2023,49.290001,70.559998
03-10-2023,48.830002,67.730003
04-10-2023,48.360001,67.059998
05-10-2023,48.25,67.389999
06-10-2023,48.380001,68.25
09-10-2023,48.880001,69.309998
10-10-2023,48.93,69.449997
11-10-2023,49.169998,69.519997
12-10-2023,49.389999,68.900002
13-10-2023,49.490002,68.690002
16-10-2023,50.25,69.720001
17-10-2023,50.310001,69.800003
18-10-2023,50.779999,70.849998
19-10-2023,50.91,70.279999
20-10-2023,51.59,70.760002
23-10-2023,51.540001,70.919998
25-10-2023,51.41,70.010002
26-10-2023,51.830002,70.589996
27-10-2023,51.639999,70.169998
30-10-2023,52.02,70.849998
31-10-2023,52.060001,71.040001
01-11-2023,51.759998,69.709999
02-11-2023,51.849998,70.68
03-11-2023,51.799999,69.82
06-11-2023,51.75,70.769997
07-11-2023,51.360001,70.040001
08-11-2023,51.400002,69.370003
09-11-2023,50.939999,69.220001
10-11-2023,51.310001,69.690002
13-11-2023,50.93,68.629997
15-11-2023,51.459999,70.860001
16-11-2023,51.389999,71.419998
17-11-2023,51.860001,72.269997
20-11-2023,51.66,71.580002
21-11-2023,51.880001,71.580002
22-11-2023,52.169998,72.18
23-11-2023,52.02,71.900002
24-11-2023,52.150002,71.870003
28-11-2023,52.299999,73.410004
29-11-2023,53.049999,74.080002
30-11-2023,53.150002,74.610001
01-12-2023,53.290001,75.209999
04-12-2023,53.720001,75.150002
05-12-2023,52.939999,73.639999
06-12-2023,52.830002,73.040001
07-12-2023,53.029999,72.82
08-12-2023,52.939999,72.440002
11-12-2023,52.02,70.349998
12-12-2023,51.849998,70.260002
13-12-2023,51.830002,69.690002
14-12-2023,52.799999,72.57
15-12-2023,52.810001,72.82
18-12-2023,52.490002,72.510002
19-12-2023,52.59,72.379997
20-12-2023,52.830002,72.660004
21-12-2023,52.860001,73.139999
22-12-2023,53.189999,73.480003
26-12-2023,53.459999,73.309998
27-12-2023,53.630001,73.059998
28-12-2023,53.84,73.389999
29-12-2023,53.66,72.18
01-01-2024,53.740002,72.480003
02-01-2024,54.009998,73.010002
03-01-2024,53.529999,71.589996
04-01-2024,53.290001,70.690002
05-01-2024,53.139999,70.529999
08-01-2024,52.849998,70.419998
09-01-2024,53.02,70.870003
10-01-2024,52.919998,70.489998
11-01-2024,52.84,70.43
12-01-2024,52.990002,70.25
15-01-2024,53.25,70.25
16-01-2024,53.049999,70.699997
17-01-2024,52.669998,70.07
18-01-2024,52.490002,69.849998
19-01-2024,52.84,70.160004
23-01-2024,52.860001,69.43
24-01-2024,52.91,70.129997
25-01-2024,52.720001,70.120003
29-01-2024,52.970001,70.43
30-01-2024,53.130001,70.779999
31-01-2024,53.349998,70.589996
01-02-2024,53.459999,69.980003
02-02-2024,53.580002,70.790001
05-02-2024,52.98,69.220001
06-02-2024,52.939999,69.0
07-02-2024,53.209999,68.849998
08-02-2024,53.049999,68.900002
09-02-2024,53.049999,69.540001
12-02-2024,52.790001,69.870003
13-02-2024,52.810001,70.019997
14-02-2024,52.099998,67.919998
15-02-2024,52.169998,69.129997
16-02-2024,52.349998,69.910004
19-02-2024,52.639999,70.010002
20-02-2024,52.560001,69.800003
21-02-2024,52.639999,69.669998
22-02-2024,52.720001,69.660004
23-02-2024,52.439999,68.769997
26-02-2024,52.709999,68.860001
27-02-2024,52.790001,68.68
28-02-2024,52.599998,68.010002
29-02-2024,52.779999,68.290001
01-03-2024,52.900002,68.839996
04-03-2024,53.889999,69.650002
05-03-2024,54.619999,71.059998
06-03-2024,54.720001,70.660004
07-03-2024,55.439999,71.269997
11-03-2024,56.009998,71.769997
12-03-2024,55.939999,71.949997
13-03-2024,55.470001,71.260002
14-03-2024,55.84,72.550003
15-03-2024,55.73,72.730003
18-03-2024,55.5,72.660004
19-03-2024,55.610001,72.43
20-03-2024,55.720001,72.489998
21-03-2024,56.700001,73.779999
22-03-2024,55.990002,72.470001
26-03-2024,56.299999,72.830002
27-03-2024,56.220001,72.339996
28-03-2024,56.610001,72.419998
01-04-2024,58.32,74.029999
02-04-2024,58.639999,75.040001
03-04-2024,58.77,76.169998
04-04-2024,59.18,78.029999
05-04-2024,59.029999,77.870003
08-04-2024,60.209999,80.529999
09-04-2024,60.549999,81.010002
10-04-2024,60.619999,80.919998
12-04-2024,61.91,82.860001
15-04-2024,61.23,81.459999
16-04-2024,61.889999,81.830002
18-04-2024,61.959999,81.790001
19-04-2024,62.240002,81.550003
22-04-2024,61.740002,80.279999
23-04-2024,60.25,78.57
24-04-2024,60.73,79.110001
25-04-2024,60.860001,79.339996
26-04-2024,61.330002,79.779999
29-04-2024,61.299999,79.43
30-04-2024,60.880001,78.559998
02-05-2024,60.849998,78.43
03-05-2024,60.48,78.660004
06-05-2024,60.720001,79.779999
07-05-2024,60.68,80.059998
08-05-2024,60.5,79.779999
09-05-2024,60.419998,80.550003
10-05-2024,61.919998,83.010002
13-05-2024,61.150002,81.970001
14-05-2024,61.189999,82.57
15-05-2024,61.709999,83.089996
16-05-2024,62.0,84.339996
17-05-2024,61.959999,84.800003
21-05-2024,62.630001,91.029999
22-05-2024,62.68,90.809998
23-05-2024,61.619999,88.059998
24-05-2024,60.889999,88.010002
27-05-2024,61.0,88.970001
28-05-2024,61.119999,91.199997
29-05-2024,61.200001,92.459999
30-05-2024,60.740002,90.849998
31-05-2024,61.290001,90.599998
03-06-2024,60.59,88.120003
04-06-2024,60.560001,87.309998
05-06-2024,60.68,86.769997
06-06-2024,61.450001,88.839996
07-06-2024,61.09,89.379997
10-06-2024,60.130001,87.339996
11-06-2024,60.419998,86.209999
12-06-2024,60.59,86.82
13-06-2024,60.59,86.580002
14-06-2024,60.599998,86.110001
18-06-2024,60.330002,86.260002
19-06-2024,60.709999,86.919998
20-06-2024,61.029999,88.5
21-06-2024,61.529999,88.699997
24-06-2024,60.619999,86.989998
25-06-2024,60.75,86.809998
26-06-2024,60.459999,85.269997
27-06-2024,60.32,85.059998
28-06-2024,60.630001,85.900002
01-07-2024,60.549999,85.580002
02-07-2024,60.720001,85.949997
03-07-2024,61.07,87.440002
04-07-2024,61.290001,87.889999
05-07-2024,61.48,88.68
08-07-2024,61.57,89.440002
09-07-2024,61.380001,89.860001
10-07-2024,61.540001,89.699997
11-07-2024,61.68,90.029999
12-07-2024,61.889999,89.610001
15-07-2024,61.919998,89.400002
16-07-2024,62.439999,89.779999
18-07-2024,62.91,89.43
19-07-2024,62.41,86.910004
22-07-2024,62.080002,86.300003
23-07-2024,60.16,83.510002
24-07-2024,59.599998,82.910004
25-07-2024,59.369999,79.870003
26-07-2024,59.990002,79.800003
29-07-2024,58.779999,80.360001
30-07-2024,58.349998,80.0
31-07-2024,58.68,81.839996
01-08-2024,59.09,82.339996
02-08-2024,59.669998,82.040001
05-08-2024,58.740002,78.940002
06-08-2024,58.619999,77.290001
07-08-2024,58.200001,78.57
08-08-2024,58.09,77.349998
09-08-2024,58.66,78.699997
12-08-2024,59.02,79.839996
13-08-2024,59.400002,79.309998
14-08-2024,59.610001,79.620003
16-08-2024,59.470001,80.010002
19-08-2024,60.34,82.0
20-08-2024,60.669998,83.370003
21-08-2024,60.380001,82.949997
22-08-2024,60.450001,82.900002
23-08-2024,60.25,82.480003
26-08-2024,60.830002,84.129997
27-08-2024,60.549999,83.989998
28-08-2024,60.549999,83.290001
29-08-2024,60.57,83.279999
30-08-2024,60.66,83.07
02-09-2024,60.25,80.889999
03-09-2024,60.360001,80.519997
04-09-2024,59.830002,79.389999
05-09-2024,60.549999,81.080002
06-09-2024,60.66,81.32
09-09-2024,60.16,79.769997
10-09-2024,60.360001,80.339996
11-09-2024,60.709999,81.290001
12-09-2024,60.610001,81.230003
13-09-2024,61.639999,84.120003
16-09-2024,62.049999,86.239998
17-09-2024,61.77,85.379997
18-09-2024,61.68,84.959999
19-09-2024,62.189999,86.610001
20-09-2024,62.43,86.480003
23-09-2024,62.810001,85.349998
24-09-2024,62.990002,86.129997
25-09-2024,63.66,88.110001
26-09-2024,63.77,88.989998
27-09-2024,63.48,88.339996
30-09-2024,63.549999,88.040001
01-10-2024,63.59,87.669998
03-10-2024,63.689999,88.449997
04-10-2024,63.990002,89.860001
07-10-2024,63.810001,89.43
08-10-2024,63.450001,87.660004
09-10-2024,63.02,86.330002
10-10-2024,63.009998,86.25
11-10-2024,63.540001,87.709999
14-10-2024,63.98,88.389999
15-10-2024,63.860001,87.629997
16-10-2024,64.440002,89.260002
17-10-2024,64.440002,88.589996
18-10-2024,65.18,89.809998
21-10-2024,65.790001,94.639999
22-10-2024,65.730003,94.879997
23-10-2024,66.160004,96.110001
24-10-2024,65.75,95.120003
25-10-2024,65.449997,92.650002
28-10-2024,65.779999,93.629997
29-10-2024,66.300003,95.339996
30-10-2024,67.019997,95.669998
31-10-2024,66.919998,94.269997
01-11-2024,66.919998,94.269997
04-11-2024,66.019997,92.25
05-11-2024,65.940002,91.709999
06-11-2024,65.589996,90.709999
07-11-2024,64.330002,87.989998
08-11-2024,65.0,89.129997
11-11-2024,64.489998,88.480003
12-11-2024,62.84,85.860001
13-11-2024,63.25,87.610001
14-11-2024,61.790001,84.660004
18-11-2024,62.900002,86.919998
19-11-2024,63.720001,88.82
21-11-2024,64.57,88.099998
22-11-2024,65.330002,88.440002
25-11-2024,64.379997,86.870003
26-11-2024,63.389999,86.010002
27-11-2024,63.959999,86.589996
28-11-2024,64.040001,85.150002
29-11-2024,64.290001,86.919998
02-12-2024,63.759998,86.040001
03-12-2024,64.059998,87.629997
04-12-2024,64.010002,87.540001
05-12-2024,64.059998,88.550003
06-12-2024,63.990002,88.489998
09-12-2024,64.290001,88.709999
10-12-2024,64.669998,90.110001
11-12-2024,65.040001,90.050003
12-12-2024,65.489998,91.269997
13-12-2024,64.610001,87.25
16-12-2024,64.480003,87.269997
17-12-2024,64.099998,86.379997
18-12-2024,64.379997,86.730003
19-12-2024,63.779999,84.68
20-12-2024,63.32,82.949997
23-12-2024,63.970001,85.489998
24-12-2024,63.68,85.300003
26-12-2024,64.0,85.43
27-12-2024,64.209999,85.709999
30-12-2024,64.0,84.949997
31-12-2024,64.089996,83.730003
01-01-2025,64.349998,83.849998
02-01-2025,64.599998,84.839996
03-01-2025,65.07,85.860001
06-01-2025,64.610001,85.93
07-01-2025,64.769997,87.07
08-01-2025,65.120003,87.199997
09-01-2025,65.400002,87.269997
10-01-2025,65.93,87.540001
13-01-2025,66.25,87.290001
14-01-2025,66.040001,86.269997
15-01-2025,66.260002,87.32
16-01-2025,66.589996,88.949997
17-01-2025,66.660004,87.650002
20-01-2025,66.589996,87.730003
21-01-2025,66.949997,87.809998
22-01-2025,67.620003,88.610001
23-01-2025,67.43,87.849998
24-01-2025,67.769997,88.669998
27-01-2025,67.690002,87.589996
28-01-2025,67.580002,87.099998
29-01-2025,67.860001,88.010002
30-01-2025,68.089996,89.5
31-01-2025,69.080002,90.669998
01-02-2025,68.949997,90.110001
03-02-2025,69.639999,90.529999
04-02-2025,70.080002,91.089996
05-02-2025,71.57,93.029999
06-02-2025,71.43,91.839996
07-02-2025,71.540001,92.730003
10-02-2025,72.519997,92.949997
11-02-2025,71.980003,91.370003
12-02-2025,71.470001,91.290001
13-02-2025,71.870003,92.75
14-02-2025,72.220001,94.709999
17-02-2025,71.650002,92.860001
18-02-2025,71.980003,93.209999
19-02-2025,72.730003,94.559998
20-02-2025,72.489998,94.559998
21-02-2025,72.080002,94.059998
24-02-2025,72.599998,93.209999
25-02-2025,72.75,92.910004
27-02-2025,71.879997,91.970001
28-02-2025,71.099998,90.459999
03-03-2025,71.360001,91.410004
04-03-2025,72.419998,92.529999
05-03-2025,72.269997,93.290001
06-03-2025,71.889999,93.519997
07-03-2025,72.209999,94.089996
10-03-2025,72.169998,94.099998
11-03-2025,72.080002,93.650002
12-03-2025,72.32,94.970001
13-03-2025,72.82,95.209999
17-03-2025,73.529999,96.480003
18-03-2025,73.529999,96.480003
19-03-2025,74.25,96.410004
20-03-2025,74.489998,95.839996
21-03-2025,73.949997,94.18
24-03-2025,73.0,94.18
25-03-2025,73.230003,94.57
26-03-2025,73.25,95.739998
27-03-2025,73.800003,95.900002
28-03-2025,74.160004,97.599998
01-04-2025,76.720001,96.720001
02-04-2025,76.230003,96.849998
03-04-2025,75.849998,93.290001
04-04-2025,74.989998,89.720001
07-04-2025,73.830002,87.029999
08-04-2025,73.68,87.440002
09-04-2025,74.889999,87.970001
11-04-2025,77.900002,90.370003
15-04-2025,77.660004,92.220001
16-04-2025,79.230003,93.800003
17-04-2025,79.529999,92.160004
21-04-2025,81.07,93.0
22-04-2025,82.900002,92.349998
23-04-2025,80.389999,93.540001
24-04-2025,80.510002,94.650002
25-04-2025,80.029999,94.650002
28-04-2025,79.050003,93.160004
29-04-2025,80.040001,94.669998
30-04-2025,79.089996,91.620003
02-05-2025,78.379997,91.519997
05-05-2025,79.580002,91.410004
06-05-2025,82.129997,93.019997
07-05-2025,81.279999,92.779999
08-05-2025,80.940002,92.589996
09-05-2025,80.800003,93.029999
12-05-2025,77.980003,91.440002
13-05-2025,79.07,93.910004
14-05-2025,78.580002,93.330002
15-05-2025,77.040001,91.5
16-05-2025,77.779999,92.269997
19-05-2025,78.32,92.809998
20-05-2025,78.190002,92.510002
21-05-2025,79.5,94.260002
22-05-2025,79.809998,94.449997
23-05-2025,79.510002,94.019997
26-05-2025,79.769997,94.550003
27-05-2025,79.559998,94.050003
28-05-2025,80.059998,94.889999
29-05-2025,79.099998,94.629997
30-05-2025,79.489998,94.349998
02-06-2025,80.519997,94.620003
03-06-2025,80.970001,97.160004
04-06-2025,81.309998,98.099998
05-06-2025,81.730003,100.720001
06-06-2025,81.230003,102.410004
09-06-2025,80.480003,102.989998
10-06-2025,80.610001,103.870003
11-06-2025,80.760002,102.779999
12-06-2025,81.389999,102.059998
13-06-2025,83.129997,103.709999
16-06-2025,83.089996,103.57
17-06-2025,82.559998,104.190002
18-06-2025,82.790001,106.230003
19-06-2025,82.790001,104.129997
20-06-2025,82.230003,103.309998
23-06-2025,82.660004,103.760002
24-06-2025,80.980003,102.709999
25-06-2025,81.110001,101.879997
26-06-2025,81.120003,103.93
27-06-2025,79.809998,101.660004
30-06-2025,79.989998,102.470001
01-07-2025,81.050003,103.419998
02-07-2025,81.110001,102.699997
03-07-2025,81.010002,103.870003
04-07-2025,80.889999,103.900002
07-07-2025,80.529999,103.790001
08-07-2025,80.779999,104.089996
09-07-2025,80.029999,103.589996
10-07-2025,80.709999,103.709999
11-07-2025,81.150002,106.690002
14-07-2025,81.879997,110.019997
15-07-2025,81.669998,108.230003
16-07-2025,81.349998,107.790001
17-07-2025,81.160004,107.139999
18-07-2025,81.730003,109.110001
21-07-2025,82.129997,109.370003
22-07-2025,82.769997,110.199997
23-07-2025,83.75,112.010002
24-07-2025,82.300003,110.910004
25-07-2025,82.099998,110.68
28-07-2025,82.029999,109.050003
29-07-2025,81.910004,109.519997
30-07-2025,82.389999,109.879997
31-07-2025,82.199997,106.900002
01-08-2025,81.949997,105.709999
04-08-2025,83.230003,108.089996
05-08-2025,83.610001,108.660004
06-08-2025,83.440002,109.18
07-08-2025,83.940002,110.580002
08-08-2025,84.360001,110.970001
11-08-2025,83.230003,109.519997
12-08-2025,82.980003,109.260002
13-08-2025,83.190002,111.25
14-08-2025,83.139999,110.830002
18-08-2025,82.75,110.059998
19-08-2025,82.309998,109.410004
20-08-2025,82.080002,106.989998
21-08-2025,82.550003,109.120003
22-08-2025,82.620003,109.93
25-08-2025,83.5,112.050003
26-08-2025,83.830002,111.910004
28-08-2025,84.419998,112.779999
29-08-2025,85.339996,113.580002
01-09-2025,86.610001,118.589996
02-09-2025,86.610001,117.910004
03-09-2025,87.879997,118.959999
04-09-2025,88.160004,119.029999
05-09-2025,88.650002,119.010002
08-09-2025,89.980003,120.25
09-09-2025,91.169998,120.190002
10-09-2025,90.900002,119.339996
11-09-2025,90.620003,119.300003
12-09-2025,91.260002,123.660004
15-09-2025,90.919998,123.080002
16-09-2025,92.269997,124.620003
17-09-2025,91.25,121.760002
18-09-2025,91.599998,123.040001
19-09-2025,91.290001,123.650002
22-09-2025,93.139999,128.220001
23-09-2025,95.129997,129.740005
24-09-2025,94.639999,129.990005
25-09-2025,94.43,132.369995
26-09-2025,94.220001,133.009995
29-09-2025,95.900002,139.059998
30-09-2025,95.849998,136.070007
01-10-2025,97.629997,139.869995
03-10-2025,97.07,139.759995
06-10-2025,99.220001,143.669998
07-10-2025,99.660004,143.820007
08-10-2025,101.690002,150.929993
09-10-2025,101.470001,156.160004
10-10-2025,100.669998,153.919998
13-10-2025,102.650002,164.339996
14-10-2025,105.089996,174.309998
15-10-2025,105.290001,168.559998
16-10-2025,105.370003,157.210007
17-10-2025,108.110001,160.600006
20-10-2025,105.139999,148.820007
21-10-2025,105.690002,145.300003
23-10-2025,101.699997,141.940002
27-10-2025,100.139999,138.850006
28-10-2025,96.839996,133.809998
29-10-2025,99.949997,141.130005
30-10-2025,99.68,140.520004
31-10-2025,100.019997,142.470001
03-11-2025,100.050003,142.470001
04-11-2025,99.800003,139.949997
06-11-2025,100.07,141.830002
07-11-2025,99.940002,142.050003
10-11-2025,101.699997,145.339996
11-11-2025,103.290001,148.050003
12-11-2025,102.690002,150.270004
13-11-2025,105.370003,157.089996
14-11-2025,103.809998,153.259995
17-11-2025,101.940002,148.919998
18-11-2025,100.910004,146.580002
19-11-2025,102.230003,150.360001
20-11-2025,101.550003,147.990005
21-11-2025,102.0,144.690002
24-11-2025,102.230003,147.080002
25-11-2025,103.459999,149.320007
26-11-2025,104.18,151.639999
27-11-2025,104.110001,155.699997
28-11-2025,104.620003,156.770004
01-12-2025,106.720001,166.210007
02-12-2025,105.629997,165.339996
03-12-2025,106.510002,169.779999
04-12-2025,105.919998,167.220001
05-12-2025,106.889999,170.179993
08-12-2025,106.849998,170.839996
09-12-2025,106.279999,171.110001
10-12-2025,106.230003,175.289993
11-12-2025,107.150002,178.850006
12-12-2025,109.610001,184.130005
15-12-2025,110.949997,184.869995
16-12-2025,109.559998,184.690002
17-12-2025,109.989998,192.160004
18-12-2025,109.879997,193.259995
19-12-2025,109.82,192.559998
22-12-2025,111.389999,199.949997
23-12-2025,113.099998,201.789993
24-12-2025,113.209999,209.229996
26-12-2025,114.309998,219.850006
29-12-2025,113.029999,218.25
30-12-2025,111.169998,218.210007
31-12-2025,110.110001,215.429993
01-01-2026,110.519997,214.949997
02-01-2026,111.82,221.869995
05-01-2026,112.919998,225.539993
06-01-2026,113.139999,231.649994
07-01-2026,112.910004,234.360001
08-01-2026,112.290001,223.529999
09-01-2026,113.610001,230.369995
12-01-2026,116.760002,243.350006
13-01-2026,116.370003,249.509995
14-01-2026,118.010002,262.809998
15-01-2026,118.010002,262.809998
16-01-2026,117.779999,269.440002
19-01-2026,121.099998,282.950012
20-01-2026,125.860001,297.619995
21-01-2026,134.970001,310.679993
22-01-2026,124.339996,276.269989
23-01-2026,127.419998,292.730011
27-01-2026,131.449997,317.850006
28-01-2026,135.820007,332.029999
29-01-2026,146.529999,351.910004
30-01-2026,131.119995,286.480011
02-02-2026,118.669998,219.940002
03-02-2026,125.199997,247.339996
04-02-2026,129.600006,265.570007
05-02-2026,125.220001,236.419998
06-02-2026,125.040001,224.460007
09-02-2026,127.980003,243.699997
10-02-2026,128.339996,243.820007
11-02-2026,128.699997,247.369995
12-02-2026,128.520004,245.389999
13-02-2026,126.099998,232.580002
16-02-2026,126.919998,227.339996
17-02-2026,124.580002,220.039993
18-02-2026,124.639999,223.789993
19-02-2026,127.089996,233.210007
20-02-2026,127.540001,236.619995
23-02-2026,130.0,250.169998
24-02-2026,131.220001,250.669998
25-02-2026,131.690002,253.25
26-02-2026,130.479996,246.059998
27-02-2026,131.600006,252.809998
02-03-2026,138.320007,274.649994
04-03-2026,133.960007,255.570007
05-03-2026,132.240005,247.929993
06-03-2026,130.820007,246.759995
09-03-2026,131.350006,247.0
10-03-2026,132.199997,256.350006
11-03-2026,132.710007,251.690002
12-03-2026,132.429993,253.5
13-03-2026,130.320007,244.490005
16-03-2026,127.220001,233.479996
17-03-2026,128.220001,240.889999
18-03-2026,127.910004,237.130005
19-03-2026,121.32,218.979996
20-03-2026,121.059998,219.899994
23-03-2026,110.720001,193.520004
24-03-2026,115.489998,212.309998
25-03-2026,119.290001,221.419998
27-03-2026,117.529999,212.5
30-03-2026,121.190002,216.080002
01-04-2026,123.370003,224.809998
02-04-2026,120.580002,215.949997
06-04-2026,122.809998,222.380005
07-04-2026,121.779999,220.029999
08-04-2026,124.389999,230.580002
09-04-2026,123.209999,223.830002
10-04-2026,123.489998,226.539993
13-04-2026,123.760002,224.970001
15-04-2026,125.059998,235.080002
16-04-2026,125.610001,237.970001
17-04-2026,124.800003,238.139999
20-04-2026,125.0,237.270004
21-04-2026,125.220001,237.410004
22-04-2026,124.989998,236.029999
23-04-2026,124.080002,229.669998
24-04-2026,123.940002,227.889999
27-04-2026,124.25,230.720001
28-04-2026,122.68,224.729996
29-04-2026,121.580002,224.199997
30-04-2026,123.43,227.5
01-05-2026,123.43,227.5
04-05-2026,122.379997,230.360001
05-05-2026,122.160004,228.889999
06-05-2026,124.019997,234.490005
07-05-2026,124.470001,239.440002
08-05-2026,124.309998,240.169998
11-05-2026,123.230003,241.289993
12-05-2026,124.610001,252.009995
13-05-2026,131.740005,269.420013
14-05-2026,131.779999,270.929993
15-05-2026,129.410004,249.850006
18-05-2026,129.699997,253.160004
19-05-2026,130.639999,253.25
20-05-2026,130.199997,252.660004
21-05-2026,130.740005,251.970001
22-05-2026,130.5,252.539993
25-05-2026,130.509995,256.029999
26-05-2026,129.580002,251.289993
27-05-2026,129.039993,249.869995
28-05-2026,129.039993,249.869995
29-05-2026,128.649994,249.369995
01-06-2026,127.489998,249.539993
02-06-2026,128.669998,251.559998
03-06-2026,127.639999,246.789993
04-06-2026,128.5,246.559998
05-06-2026,127.779999,243.580002
08-06-2026,124.160004,227.929993
09-06-2026,125.389999,231.899994
10-06-2026,121.150002,220.589996
11-06-2026,119.279999,221.380005
12-06-2026,121.919998,229.759995
15-06-2026,124.110001,238.619995
16-06-2026,124.139999,236.130005
17-06-2026,123.75,234.669998
18-06-2026,122.120003,229.990005
19-06-2026,119.790001,221.419998
22-06-2026,121.120003,225.139999
23-06-2026,118.900002,215.059998
24-06-2026,117.559998,213.350006
25-06-2026,114.959999,206.570007
26-06-2026,114.959999,206.570007
29-06-2026,116.43,208.020004
30-06-2026,115.970001,212.820007
01-07-2026,115.459999,211.339996
02-07-2026,117.690002,216.279999
03-07-2026,120.309998,221.309998
06-07-2026,119.510002,220.360001
07-07-2026,118.580002,216.289993
08-07-2026,116.959999,210.149994
09-07-2026,118.419998,212.949997
10-07-2026,118.139999,208.830002
13-07-2026,116.949997,207.460007
14-07-2026,115.980003,208.009995
15-07-2026,116.389999,208.660004
16-07-2026,116.470001,206.839996
17-07-2026,115.790001,204.919998
20-07-2026,116.839996,207.889999
21-07-2026,117.730003,212.229996
22-07-2026,119.139999,213.070007
23-07-2026,118.690002,211.0
24-07-2026,117.910004,210.960007
27-07-2026,118.620003,213.009995
28-07-2026,116.830002,206.199997
29-07-2026,116.849998,206.690002
30-07-2026,117.370003,206.630005
31-07-2026,117.110001,206.509995
03-08-2026,117.260002,206.449997
04-08-2026,117.150002,207.350006
05-08-2026,119.389999,213.389999
06-08-2026,122.480003,214.529999
07-08-2026,123.400002,220.470001
10-08-2026,124.580002,220.460007
11-08-2026,125.519997,222.320007
12-08-2026,126.449997,225.759995
13-08-2026,125.480003,220.970001
14-08-2026,125.129997,221.220001
17-08-2026,126.419998,223.610001
18-08-2026,126.43,221.619995
19-08-2026,125.730003,216.429993
20-08-2026,128.880005,225.429993
21-08-2026,131.320007,232.919998
24-08-2026,133.020004,231.800003
25-08-2026,132.779999,229.0
26-08-2026,132.369995,230.130005
27-08-2026,130.050003,226.369995
28-08-2026,130.850006,230.419998
